PeakID,Timepoint,Amplitude,Position (px),Sigma (px)
1,0,9.867631315843079,216.48791200679963,3.3100786036493206
4,1,10.926895441293322,216.57024723902384,3.244561070583441
7,2,12.78149253485248,216.71827619225726,3.207626821150098
10,3,13.867918367275509,216.89121113379787,3.238669140433758
13,4,14.278849434743622,217.05976672462995,3.2828764599043767
16,5,14.865435313821049,217.17993803364837,3.3600231871504045
19,6,15.752714922761278,217.23010632079334,3.4376455244388304
22,7,16.66924144755891,217.22504346681131,3.494841361977078
25,8,17.749172998552435,217.21287584323753,3.5103476820959387
28,9,18.60397797851148,217.2193154209716,3.4783718646586115
32,10,18.891564212258583,217.25578682651542,3.4320088653355136
36,11,18.615472184038016,217.32902802352214,3.4324630654252175
40,12,17.57442722703237,217.38627638353015,3.467103985715659
44,13,15.488811418318676,217.39319228892748,3.512114343697137
48,14,13.493677206876724,217.3896226664811,3.5778981039067292
51,15,12.662439752418095,217.38670967235936,3.6045727932820237
54,16,12.637436023157019,217.38484369493693,3.5590155831099413
57,17,12.733768904646697,217.42547749037658,3.4741413375218153
60,18,12.635030274642828,217.5316293127883,3.3888915601927443
63,19,12.279062329876632,217.65044560103198,3.3462914424429786
67,20,11.560141879625009,217.73833854791158,3.370209849294382
70,21,10.73573447832944,217.82066359547554,3.4438982841861865
74,22,10.291158453709428,217.8483278056642,3.5207430600693574
77,23,10.43363017245222,217.8422013378692,3.5742005687960487
79,24,10.838686534059935,217.88347486506376,3.6448104874840825
82,25,10.948455128030545,217.93586023179088,3.7446709580647055
87,26,10.630240099551438,217.94609170165086,3.8023451418811005
90,27,10.339263098200963,217.9261199241665,3.778774162974899
94,28,10.414047800660553,217.95711870810624,3.687026017811233
97,29,10.67924226704987,217.99080709370776,3.558410413078508
100,30,10.770633417123305,218.05323233009156,3.457498813020396
104,31,10.67011773862027,218.1191757451028,3.3965888097407104
108,32,10.586362864238989,218.07678617501554,3.372981440593984
112,33,11.010301272313285,217.89629754559016,3.396699972848348
116,34,12.221979820356426,217.58851076044556,3.4450796197316147
120,35,14.664935403465538,217.2880788704404,3.4477504268046184
124,36,18.27650296050646,217.09530183909743,3.4079412687610167
128,37,21.006022778156424,217.019357007969,3.3591560564126137
132,38,21.656826505000435,217.06125727292405,3.3267135576452995
136,39,21.057868066821765,217.1232278285182,3.319728002171063
140,40,19.868652256519123,217.15191866296033,3.3357364026907166
144,41,18.700636114989642,217.15288382971065,3.3702983020140693
148,42,18.056229599727786,217.1072619238049,3.4036606679132384
152,43,17.933721281376688,217.03856105405998,3.4429036028175912
156,44,17.96595939293307,216.95897985612336,3.502856086085106
160,45,17.842363024894798,216.89617638627823,3.5518762170134166
164,46,17.76617684973405,216.86558988181147,3.597025442020744
167,47,17.72696390482156,216.82065303163543,3.6535625526375997
170,48,17.48041865890089,216.76053974966962,3.7327417202251305
173,49,17.22941074172359,216.73947193872146,3.8328465570623687
176,50,16.926240113814977,216.76268727925944,3.9153293881282347
179,51,16.285511989320455,216.9652077265905,3.9928947911142396
182,52,15.418375323761616,217.47741876782092,4.03379984546448
185,53,14.633634406126003,218.18267938000844,3.988844777247074
188,54,14.334846750375412,218.91588991019205,3.8840004114966487
191,55,14.766463191376085,219.54147372229937,3.7615730199059993
194,56,15.456618268574418,219.859392546315,3.645090409000437
198,57,16.020172739312475,219.9238631156616,3.5824640122985083
202,58,16.75493940045739,219.9116816489811,3.5826666230136754
206,59,17.63184219825704,219.8484011503651,3.582015069490312
210,60,18.47883189585239,219.75224398025412,3.5546415412397
214,61,19.039502617322558,219.68083953869598,3.5143250524188288
218,62,19.059049966384777,219.6621073915931,3.4969068107054606
222,63,18.253101014810102,219.63542895736998,3.5120670415716897
226,64,17.011138408257825,219.6124887194211,3.4920313899818884
230,65,16.4732268144906,219.67948930062724,3.432535318210981
233,66,16.56974931570193,219.81046653977646,3.3841194698882844
237,67,16.750767722479576,219.92743049718155,3.3671204074478593
240,68,16.96444152258586,219.96621348153525,3.408674563049431
244,69,17.042745053016315,219.94835754829413,3.484948824553828
247,70,16.778518409447774,219.93954650985316,3.561171050306995
250,71,16.43788494922345,219.93228382293748,3.6288810438208206
253,72,16.573571052119554,219.87767006169244,3.6599647785536824
256,73,17.10708554272946,219.8017457551321,3.6559201273674753
260,74,17.386127327552824,219.75538715624623,3.6446398131563833
264,75,17.022838012532677,219.70031972716228,3.607744214324871
268,76,16.315195193197248,219.65257262008794,3.54284721045901
272,77,16.16955739748987,219.64897358485243,3.493492512056256
276,78,16.97545895428238,219.63158173399967,3.475085721639988
280,79,17.995803469774025,219.60385492848138,3.4809033331002532
284,80,18.55712542378309,219.6116590934164,3.5089385116930223
288,81,18.370423799075592,219.670173756222,3.526449789939134
292,82,17.666693916956664,219.78046148787558,3.53214370208309
296,83,16.83807792299836,219.8857373682895,3.549067197121143
300,84,15.93116462638423,219.94117252301876,3.5644338862172122
304,85,15.215257259946751,219.95326112160353,3.568846957363282
308,86,14.905869330482956,219.93334747562182,3.5804558301017675
311,87,14.88098689736197,219.9016299968762,3.5785796231295586
314,88,15.061781291805442,219.8832173859967,3.5431505526604163
317,89,15.206201016968349,219.8953814735068,3.5151643672909048
320,90,15.101759348565734,219.91132131720192,3.4876267881492238
323,91,14.968430270270783,219.93238972196332,3.463213521621336
326,92,14.92860208205268,219.9908562675462,3.486733182924709
329,93,14.875897308370314,220.10068274760653,3.5422806299358967
332,94,14.993622380603092,220.30735684126705,3.6154759744705407
335,95,15.544061222585796,220.52979887879923,3.703684534833162
338,96,16.213639511580027,220.60033467852907,3.7436597062451336
341,97,16.985608422582168,220.58368016395016,3.733526170019228
345,98,17.690089149963235,220.60144881261067,3.7007089152920867
348,99,17.699919870667266,220.65276290529522,3.639952350128992
351,100,16.98303508138352,220.67933807759704,3.5824372059161957
354,101,16.1956719366252,220.6370200257794,3.5489482208294745
357,102,15.962865182379012,220.59897868871423,3.548687216600047
360,103,16.532291053256937,220.5756738534266,3.5425292297922866
363,104,17.15588011162894,220.53602795713883,3.517077867904652
366,105,17.58711727494628,220.55024962289994,3.4818066483748287
369,106,18.159297928985687,220.63349727635384,3.446591203044257
372,107,18.548098959772375,220.70384263553925,3.416893383755242
375,108,18.864347016067747,220.75580187660177,3.408214226758818
378,109,19.07752887597191,220.8020283506316,3.423884373207807
381,110,18.76916697353597,220.78802167527328,3.4351026836629566
384,111,18.11233498656723,220.74172653992213,3.4384524750003944
387,112,17.829629720865782,220.71828793682374,3.4374853830472776
390,113,17.90569929378287,220.67834464218157,3.4402475530712615
393,114,18.002801015230112,220.64972413782814,3.435950473819573
396,115,18.07507296179254,220.6916164387612,3.436698655314791
399,116,17.931433874708798,220.76674640869146,3.4829444034068953
402,117,17.572982248164532,220.8114147832827,3.5504866699813196
405,118,17.29265375428334,220.80221653760086,3.5997056675532777
408,119,17.42056616962519,220.7794681826309,3.6150033947295435
411,120,17.917281195970375,220.81758837608817,3.5790361145359433
414,121,18.254031278439285,220.89913612373712,3.5218513684096866
417,122,18.146818462620573,220.9737356055509,3.487586530889855
420,123,17.757177798131345,221.03544845811194,3.4974585203374464
423,124,17.311128238708523,221.0491979310886,3.5497022492130923
426,125,16.940013427387758,221.03432785501465,3.627450382997216
429,126,16.652498800965525,221.06117208515622,3.6939881808732897
432,127,16.43924318112502,221.15767015000267,3.727983767579636
435,128,16.34759925912207,221.296841372759,3.735863562916773
438,129,16.19804682309173,221.37283909415166,3.7327440554616422
441,130,15.96509166417645,221.3255538781847,3.7220241814677433
444,131,15.956944763287277,221.23750970700257,3.693801605944123
447,132,16.162254594648385,221.1699437666535,3.6612880735763755
450,133,16.36596673685262,221.11222547179221,3.627143745389104
453,134,16.266545269952168,221.07923427468359,3.6030691623459825
456,135,15.732814616567827,221.04431735470286,3.592330083791389
459,136,14.975356564213952,220.98896899287294,3.5831188569332464
462,137,14.59462716794628,220.9458504417301,3.55057615318309
465,138,14.736671184796583,220.92988169072788,3.4981986152989535
468,139,15.109420758435002,220.94164907107825,3.446381020264102
471,140,15.50725016133815,221.00083772694154,3.397253184042312
474,141,15.998735494190004,221.09790829937006,3.385596726413246
477,142,16.52687301975711,221.1674307464828,3.412369426655617
480,143,16.723581896278354,221.20820874202624,3.4475811941429235
483,144,16.491011355607643,221.14816386996128,3.495383520318402
486,145,16.134303919920182,220.94706583173107,3.519507646986639
489,146,15.913021197425616,220.731437952833,3.4917725056978917
492,147,15.77471441663498,220.6121826632183,3.447434350189386
495,148,15.902945799228709,220.60820922065935,3.40188024306978
498,149,16.01970293941867,220.66927546692895,3.375262857601496
501,150,15.625753046582751,220.7184694430255,3.362041580774287
504,151,14.893020577000078,220.67130964073004,3.35543564735238
507,152,14.488694800475635,220.5086528262161,3.408900776252624
510,153,14.752818237173598,220.2520319038392,3.5061391131080692
513,154,15.486135477109624,219.94129818241242,3.5808686897159006
516,155,16.39625377320018,219.66489639745785,3.5967424827571657
519,156,17.03440883612037,219.4734749661999,3.55739545314422
522,157,16.923155017811244,219.317351326483,3.5217059409495124
525,158,16.328212025968753,219.15903279171897,3.520985441035562
528,159,15.96111456925326,218.98071849602323,3.53114911827303
531,160,15.920180397981268,218.7915517616304,3.5126534625979127
534,161,16.348070875318523,218.6591177681619,3.467013923042694
537,162,17.316651837801338,218.57792915081305,3.422649769840993
540,163,18.496157654214574,218.52834065939302,3.40605340248402
543,164,19.882085361165608,218.4982221825792,3.4212577158185917
546,165,20.835287218438673,218.47141834632188,3.4260996094892087
549,166,20.858506453999244,218.48854756043423,3.426872263216661
552,167,20.201919812437254,218.55627718121391,3.4290430901615774
555,168,19.595173394015653,218.59004348979494,3.4246378191271254
558,169,19.600020146337016,218.52967124563523,3.395793774579035
561,170,19.980787699487195,218.4124457240246,3.36766774400437
564,171,20.477045350871208,218.23408194535284,3.3832573399654366
567,172,20.321234727474767,218.08289972169396,3.377245169182155
570,173,19.204074519794474,218.05350868608937,3.3495095927157252
573,174,18.13786472430051,218.13130304850074,3.3360093431680506
576,175,17.768268510018586,218.22658167935137,3.354539016462979
579,176,17.86834788611875,218.26777212713318,3.4334754107158645
582,177,18.13322515765559,218.26072940776132,3.517885214792265
585,178,18.538582704372338,218.21191921507477,3.5492012754676905
588,179,18.958677716621114,218.2121991915567,3.532075629632766
591,180,19.123434969848645,218.26977333997894,3.484113474877636
594,181,19.074618717089663,218.308848788757,3.4694332236472536
597,182,18.867347595142313,218.2663687659569,3.4924326414791613
600,183,18.384398909868885,218.19988050207849,3.5190246328333976
603,184,17.895508266738418,218.23259565905582,3.56304112744834
606,185,17.688473579061593,218.3400725422348,3.582120090553562
609,186,17.631097950157212,218.4462449953575,3.566617195089842
612,187,17.92332821129775,218.56051032411972,3.5552097558407465
615,188,18.10714932988211,218.67380748854507,3.5520787076910136
618,189,17.526436764261085,218.77694958866297,3.531959917276585
621,190,16.664208892915084,218.87126209199812,3.4977516434665463
624,191,16.37702885133627,218.9488388753152,3.480462248745302
627,192,17.00223076314273,219.04307851986135,3.484695844074242
630,193,17.55838262730461,219.07982734902902,3.5031119481682054
633,194,17.894876962629862,219.0200428174284,3.5162886970851153
636,195,18.68692449608508,218.93265590932543,3.5100399017057327
639,196,19.75105103286868,218.86925817151524,3.4792415067981133
642,197,20.47740662921859,218.8376948342587,3.444103992618302
645,198,20.750588921230744,218.8013305964204,3.4520928742192574
648,199,21.031931038335085,218.714754544326,3.5066218578743746
651,200,20.78459489436991,218.50819034987458,3.5621006429283204
654,201,19.92714101641719,218.2116253635252,3.6030440709172615
657,202,19.341473057869504,217.9257840953891,3.642281669814581
660,203,18.70337852901229,217.61076937342457,3.6459480623326934
663,204,18.090838468410936,217.25206404191496,3.5861915843639744
666,205,18.181666263967806,216.9679544598431,3.4911829305633377
669,206,18.52466139448917,216.78455513136012,3.389009579009079
672,207,18.949931450316182,216.6780049758428,3.2939647450131275
675,208,19.733039843534776,216.62988880083012,3.2241157992831746
678,209,20.4242198512715,216.6582366840153,3.2042278522817185
681,210,20.425810862052707,216.81186685808993,3.2424069145661334
684,211,19.935201487965973,217.09955388013876,3.2997040397585855
687,212,19.00714403206864,217.42222402045363,3.337296675209094
690,213,17.860348889634924,217.7004449881405,3.39240803034809
693,214,16.91483441162343,217.89994112605194,3.454446950108949
696,215,16.28704165846861,217.97872701019952,3.4534982002084353
699,216,15.910630455479245,218.0028821073941,3.4155226424404073
702,217,16.175061189922296,218.072211430486,3.3613426894071736
705,218,17.108323451732257,218.14520173001827,3.3207589351818787
708,219,18.475464746403336,218.23839381763685,3.344038046695565
711,220,19.57468459703329,218.32543332770211,3.425874704243427
714,221,19.15130688689714,218.37266989623174,3.5569665405580544
717,222,17.955600655359333,218.4223978505775,3.708533164260622
720,223,17.221350875280887,218.4475853080888,3.828204745274122
723,224,17.083842157053322,218.54317499645927,3.8739133485116333
726,225,17.17507949039535,218.76462435512204,3.859485635484083
729,226,16.414402178788638,219.01061794123373,3.8547181263101713
732,227,15.123816875049398,219.3466041775334,3.8761196858890927
735,228,14.59738184805788,219.68717954721572,3.8385963071314118
738,229,14.84616448720189,219.8733218237433,3.737232592181307
741,230,15.516452568370601,219.94676542231787,3.655363148727286
744,231,15.882449771589576,219.95065541728258,3.6084842772304953
747,232,15.57832390173811,219.89891557889496,3.556492847386485
750,233,15.05632938473853,219.84352083914717,3.4948895909576025
753,234,14.934342272377753,219.8331952766414,3.459321945373037
756,235,15.17030928804609,219.88996039800648,3.451001494531152
759,236,15.142339169685675,220.01749533293423,3.4233946386560117
762,237,15.170322849093788,220.18220305516633,3.3744204111078484
765,238,15.863256484465833,220.281624271824,3.3419399785750925
768,239,16.81411252931619,220.33084830852843,3.329831408547357
771,240,17.577110171352814,220.37962311050418,3.339396234576193
774,241,18.018759079429817,220.39530676344566,3.3929836910952105
777,242,18.35087385263048,220.30318603720272,3.4353220625742056
780,243,18.792006895936282,220.1224263404771,3.43671958899419
783,244,18.76501840379722,219.9923380511111,3.4194942924806253
786,245,17.868741739730442,219.92174702451922,3.3829534110794723
789,246,16.699879792653476,219.84342005658496,3.3604212373616154
792,247,15.719720563396814,219.65599519844855,3.3960754058386255
795,248,15.00068041728833,219.25339774506398,3.513537237280142
798,249,14.965787721982696,218.6406972545912,3.6571162752229776
801,250,15.267158323177265,217.98110420756112,3.7656780807370502
804,251,15.509478491230196,217.45193483065322,3.773676920325615
807,252,15.897167730301092,217.2450255353784,3.685098855193125
810,253,16.205892596012966,217.2991973577637,3.614736689573274
813,254,16.33612288392516,217.4990995850363,3.6164643079214773
816,255,16.25613610593848,217.8510689648522,3.6592075264537525
819,256,16.500467549820957,218.32063237821777,3.6748160919707713
822,257,17.056558189161965,218.79146942383113,3.6718577896048554
825,258,17.40276972994853,219.23777611852574,3.6659535462513775
828,259,17.482860389212444,219.56874620720168,3.645967322827062
831,260,17.507371929408972,219.72602007006367,3.638862019458533
834,261,17.98178711970461,219.79454639972343,3.6453274487114578
837,262,18.854783765367873,219.9160185013832,3.644168362805174
840,263,19.487876050146525,220.15421086618716,3.634554660335518
843,264,19.35038624673626,220.49803717410128,3.627887726460127
846,265,18.739314239117043,220.8655428754529,3.6149393908479968
849,266,18.069256832113876,221.15981219745714,3.6030182100716517
852,267,17.697866157558444,221.35826923099634,3.6061354344308634
855,268,17.862811544487197,221.47057180853932,3.6331274420097692
858,269,18.492489709158022,221.58478447592944,3.6388233718252385
861,270,19.024893619793712,221.78650322834767,3.635670253743615
864,271,19.103870826601447,222.1024394025287,3.6603549086713985
867,272,18.750458382595387,222.5109973677856,3.7348047886798854
870,273,17.802780517773936,222.91684453464484,3.8607324331174158
873,274,16.515353258156495,223.42281897014485,3.9819838730934842
876,275,15.688517527339378,224.069496133481,3.947197196270805
879,276,15.828747189727217,224.6008147140051,3.8027027188047144
882,277,16.91935352323943,225.06035817178025,3.733158187090876
885,278,17.92425207850608,225.46203925132355,3.7587417879691136
888,279,17.76285587134676,225.85451883097394,3.8553637434392245
891,280,16.800760794964727,226.4252942952644,3.9898467048543855
894,281,15.861067201936843,227.2701588065474,4.105375558276789
897,282,15.57753669887749,228.32617921323813,4.11546547381162
900,283,16.08366113672831,229.37579943011698,4.004399465122856
903,284,16.830846170708377,230.28314528275735,3.89688379787163
906,285,17.1264501714595,230.86425308017712,3.806366598035493
909,286,17.013917567404977,231.07777585830343,3.7020922317231646
912,287,17.529515947951992,231.09497741730036,3.5754023269609574
915,288,18.854273322569355,231.05548931399238,3.4657609107132608
918,289,20.611858560791642,230.96564320251656,3.3781620035693636
921,290,21.870384970348496,230.77665330384374,3.304826736322878
924,291,22.027378575078078,230.51600578351585,3.255255107627023
927,292,22.11062992786477,230.2331499224702,3.2452026623827335
930,293,22.355206232028635,229.94659672671656,3.264223497846512
933,294,21.92491758015548,229.732118393088,3.2912697852322603
936,295,20.724375610253553,229.58760757385147,3.35354368714664
939,296,19.281194128008984,229.41717065007816,3.4323472771072447
942,297,18.2690444735505,229.19404668187872,3.483745829457587
945,298,17.92865488081869,228.989058189859,3.4829721455804203
948,299,17.93097062118311,228.83288204262143,3.4295025379878297
951,300,18.443285833406346,228.71704929738252,3.345883940524396
954,301,19.535589418536013,228.72553072678988,3.2845827464476267
957,302,20.64140997030042,228.8612801117127,3.2791540704779862
960,303,20.646768650126557,229.05669481672837,3.3093610048734923
963,304,19.90611334858703,229.23267308107378,3.354421159024845
966,305,19.604699100062437,229.2950817569853,3.3872125098961647
969,306,19.79011006145314,229.28623231711614,3.3939071271514396
972,307,20.008636667350324,229.25662858505163,3.409602357167646
975,308,19.970665020270815,229.1889310667296,3.4312130867690422
978,309,19.67650735472007,229.05937020227606,3.4679978774477442
981,310,19.00785924553566,228.84592782294004,3.541167002260926
984,311,18.274921885124474,228.5085633155629,3.598288150525209
987,312,17.737310554137927,228.04904543568432,3.6330837023798597
990,313,17.743025750201003,227.54459369051673,3.6509457594520547
993,314,18.649082861340897,227.10900611914226,3.637726292046497
996,315,19.41805241325937,226.85368892472476,3.610369049378876
999,316,18.960972161180987,226.81491801795545,3.591556949985007
1002,317,18.2136780957714,226.9420409174684,3.575688561379142
1005,318,18.168108882945265,227.1913240139554,3.536279212540969
1008,319,18.591501880004962,227.6083292598709,3.5127550211182417
1011,320,18.773543893672947,228.09758537927564,3.516788150186914
1014,321,18.35679011343446,228.528561323347,3.5351501419425753
1017,322,18.000630172740383,228.93815545570652,3.59922970105333
1020,323,17.977743170663363,229.39695931460022,3.7043181628123234
1023,324,18.000834533753924,229.81999955000347,3.7629459513090433
1026,325,17.777752694326924,230.2212146074413,3.768358064748484
1029,326,17.526454769919937,230.65157460048133,3.7323680481668045
1032,327,17.0466578213546,230.97469201726756,3.680782295550054
1035,328,16.068824872225555,231.0887630353606,3.6727981113725243
1038,329,15.084954537168821,230.92857009777214,3.7696751629332512
1041,330,14.423027313978514,230.38211737445238,3.9127281273794976
1044,331,13.91208777289767,229.53343078992208,3.9271288986092743
1047,332,13.609508486856887,228.7222936870423,3.8455932089260507
1050,333,13.664328540571034,228.09888431146388,3.826940108697778
1053,334,13.97226054152553,227.64312579857838,3.801985526276326
1056,335,14.04115269087947,227.38324367275155,3.7441835261584773
1059,336,13.981196342496903,227.1920344086597,3.736769802492436
1062,337,14.223066220628912,226.8533534888784,3.8026288163706967
1065,338,14.678753652984474,226.35557377115688,3.868444505704523
1068,339,15.454470734797976,225.80939265195775,3.877583320260497
1071,340,16.61414465226259,225.39822702391749,3.830847829218695
1074,341,17.604754467140644,225.20840544238987,3.7432169579043713
1077,342,18.20817955788924,225.0846686074972,3.6432268848658014
1080,343,18.618116233499347,224.91375585056696,3.5824660611865835
1083,344,18.750923565716565,224.6498682103356,3.5952806718371404
1086,345,18.60046053940592,224.18994180456045,3.6548114511164096
1089,346,18.64534259356558,223.61227671685108,3.6714560383256347
1092,347,18.638391505726588,223.174545537929,3.6828846575053107
1095,348,18.23252103982403,222.91849370510178,3.7123962937933013
1098,349,17.536197893477617,222.77154057460862,3.7434423594673762
1100,350,16.568587124993233,222.75328369929565,3.750315580253357
1102,351,15.566000833931872,222.86557864000022,3.703774902582507
1104,352,14.615654322584323,223.04205384717102,3.6168698757009436
1106,353,13.914379016793651,223.2051942781075,3.5419310339269416
1108,354,13.638951741863899,223.18835473425997,3.5481716705995763
1110,355,13.63778894812393,222.85520686608746,3.612305594728913
1112,356,14.850575922530833,222.22818492499178,3.6696454714410045
1115,357,17.46607511868881,221.6299112980653,3.663826902058297
1118,358,19.66528722617861,221.2421212731769,3.6437809080652874
1120,359,20.719267371249654,220.9591486964148,3.645369655054552
1122,360,20.94130780727611,220.69376218966298,3.6775569400220602
1124,361,20.572573120451615,220.45253696826953,3.7533140797047895
1126,362,19.798712265678844,220.2623574769817,3.8458638853674874
1128,363,18.80828105842522,220.19796777013008,3.916024169904807
1130,364,18.206231606209347,220.34616656812295,3.9286804470503025
1133,365,17.82765453159409,220.7295408832724,3.9547913434621345
1136,366,17.380002632520842,221.26903379943317,4.015335937564516
1139,367,16.809677718117282,221.7822621121302,4.039603011667331
1142,368,15.98009987092147,222.2134243232837,4.024419995274316
1145,369,15.316443996626624,222.43845958638158,3.9238599400169725
1147,370,15.119380533839829,222.405228904605,3.7594616672751298
1149,371,15.47248792903987,222.332152914432,3.6277482266217382
1151,372,16.105355563109963,222.34551035802906,3.539282713863482
1153,373,16.60672070561202,222.42568037351944,3.4881585207108574
1156,374,17.005596060943372,222.51537799982864,3.50294765853463
1159,375,17.441562924542556,222.6351652826487,3.5574805806968746
1162,376,17.77883294466059,222.99525839994638,3.615405402279553
1165,377,18.282889201715406,223.67328515027214,3.638489133627029
1168,378,18.67704968015685,224.37197629573166,3.610918005843476
1171,379,18.61044293167333,224.9043787091767,3.6032349308696876
1174,380,18.761896279147273,225.21894192892287,3.6117496779540046
1177,381,19.045130568897285,225.32702191710237,3.603542025630668
1180,382,19.096981062213796,225.35412477063102,3.618332917828174
1183,383,19.03072737062831,225.429363685794,3.6694727187908223
1186,384,18.65596869095373,225.65004963329167,3.6972000883087786
1189,385,18.22987631718548,226.03530834765633,3.678857517461822
1192,386,18.448164481295077,226.407745592877,3.6422570176916964
1195,387,19.16082867451782,226.60195870863242,3.619631817448068
1198,388,19.806046136361513,226.61113248439045,3.613145718377115
1201,389,20.13447010470107,226.475204193248,3.606015983269316
1204,390,20.294432835839125,226.33733046256592,3.588413739356303
1207,391,20.082354270000888,226.36042874833538,3.5817090643800005
1210,392,19.559604942913953,226.60573282498981,3.5841090053292253
1213,393,19.038460663083875,227.02111983857375,3.5866083164652878
1216,394,18.666356859849014,227.49130440017038,3.6033610675452383
1219,395,18.745403237115095,227.8723578948402,3.624853605911514
1222,396,19.00565030099266,228.1084313211632,3.6623381244333353
1225,397,19.141611669445826,228.21312402647507,3.6801395806125483
1228,398,19.24593571720588,228.19822074695466,3.656981982672775
1231,399,19.186828567867625,228.13437524723383,3.6068702513102635
1234,400,19.258517615435657,228.0974872501802,3.553326350255338
1237,401,19.308264844764867,228.05657538598237,3.528399214067294
1240,402,19.174946720621747,228.0233177005414,3.519019082497163
1243,403,19.461823955807937,228.1436998643539,3.5039308820647417
1246,404,19.732957275672014,228.33451082786942,3.4729842773984436
1249,405,19.335252065355306,228.41628828054746,3.461538179453484
1252,406,18.64894136483155,228.2938065073744,3.478888066303378
1255,407,18.49977375081278,228.00078335682966,3.525385856459282
1258,408,19.022181324709372,227.70094382037047,3.596141434757703
1261,409,19.359750590235183,227.55310672151538,3.64451702317076
1264,410,19.249888725448507,227.6307099037394,3.6522927916639127
1267,411,19.444133855189957,227.8762138567669,3.639534183006413
1270,412,19.69510234839416,228.16496248192922,3.6417125129535726
1273,413,19.39962379995367,228.42363650887498,3.6438417483672154
1276,414,18.530185207116084,228.62916134328697,3.6343178158571425
1279,415,17.648641350715298,228.80473473928853,3.630743787597982
1282,416,17.60239571766555,228.94945543153153,3.652932352581476
1285,417,17.91625355270543,229.0294983448596,3.694796738001189
1288,418,17.83322528595913,229.04576044187678,3.7146213616241694
1291,419,17.680045993330346,229.04985138526288,3.702811680586019
1294,420,17.456982076361232,229.0075750436739,3.6928277569936467
1297,421,16.65261167648447,228.82986541559825,3.683061825855825
1300,422,15.926070814330163,228.58511975675006,3.6748020443807663
1303,423,15.367831284026526,228.40327173473355,3.715470014289101
1306,424,14.57344992346401,228.3976288901854,3.7650307288554195
1309,425,14.182581140439812,228.54693856738947,3.7354155548762056
1312,426,14.541311650485698,228.689099354403,3.6761872833022307
1315,427,15.250935151501858,228.7382146952504,3.654005693569151
1318,428,15.730076637950253,228.64583401317358,3.629792980612813
1321,429,16.09205921365938,228.47055090358256,3.598046251831321
1324,430,16.532572956666293,228.26406661852195,3.569314802727389
1327,431,16.896728865038543,228.10355102104577,3.5172887710708824
1330,432,17.085418357983645,228.0368676261251,3.452894458950607
1333,433,17.206480219091823,228.01812121647626,3.411582432449575
1336,434,17.397039777165656,228.05176107031357,3.406762594622293
1339,435,17.321200318503102,228.0849814628984,3.4221762534326943
1342,436,16.741076476235097,228.08885429992097,3.4491887156520855
1345,437,16.024243559048887,228.1042869075897,3.4817868881268184
1348,438,15.500574761662692,228.1088512757516,3.517912726121869
1351,439,15.244340583172884,228.04794583612272,3.5715427714525756
1354,440,15.03745956310336,227.87178263165362,3.648195415486723
1357,441,14.956267252725768,227.52685432366326,3.709615883576509
1360,442,15.257347498699293,227.09975059981005,3.7346598504172377
1363,443,15.656192952005437,226.66611697616236,3.7514385328770254
1366,444,15.899404745184126,226.19810043619802,3.7556197156093027
1369,445,16.253275902770945,225.84634835987424,3.72834254232237
1372,446,16.243646989899954,225.69469554880448,3.718856285689116
1375,447,15.3881862011389,225.68911002590923,3.7406847963055347
1378,448,14.615951171046856,225.85788329800383,3.7590912495997943
1381,449,14.829711238679575,226.08589475122557,3.7557126089223556
1384,450,15.623053102397895,226.22623044210417,3.723880552261989
1387,451,16.266616342498356,226.31742084558192,3.677998745762868
1390,452,16.62515746278217,226.29255491102504,3.65602833821612
1393,453,16.708930481054843,226.02731390128974,3.6858316117028296
1395,454,16.722497462337046,225.50854688673422,3.7008861910644657
1397,455,17.286742334862318,224.8810760788875,3.6522575091611826
1399,456,18.265208602580014,224.33958354179666,3.6178546970204497
1401,457,18.777542992222184,223.96435798799567,3.582967371277032
1403,458,18.46261935954524,223.73244425994775,3.565157277887359
1405,459,17.493995534228265,223.49920154837613,3.6318348976808617
1407,460,16.272105721530092,223.22422303934437,3.7592715743386607
1409,461,15.182583982967117,222.99097324045147,3.858185869565663
1411,462,14.662509601787242,222.91346373462733,3.8870723710237662
1413,463,14.787335453485358,223.08544943061833,3.8536700374422415
1415,464,15.017944652421562,223.3950251847921,3.7809027563304314
1417,465,15.133309868349762,223.76666939591345,3.7132862326852125
1419,466,15.617675542360189,224.17401907287714,3.6705713732103717
1421,467,16.164147143035567,224.37688261126837,3.6546507218109565
1423,468,16.11097400270954,224.28508178233952,3.6911804037110563
1425,469,15.822089736714002,223.94153178358243,3.793385122703517
1427,470,15.643293644944928,223.30412894755113,3.9148702722666915
1429,471,16.023301863767507,222.48414866775062,3.9463923734696182
1431,472,16.28908483635886,221.80053225093783,3.9122951182117727
1433,473,15.973633387134976,221.32399198427865,3.8761681545130444
1435,474,15.621735506973067,221.0570325071238,3.832931819877071
1437,475,15.488894080906668,220.91408595375043,3.8024955262905054
1439,476,15.50818982671164,220.89841124076926,3.802752296423416
1441,477,15.456497499645652,221.07867482288313,3.8910300795803554
1443,478,15.156761458925056,221.63640916915858,4.079583813987871
1445,479,14.751068810335557,222.5110307775015,4.206501039965212
1447,480,14.115284171471279,223.42168664444787,4.25193007956837
1449,481,13.41561789259195,224.30021955355045,4.211252088809122
1451,482,12.54142469572431,224.9736778656552,4.110222525281609
1453,483,11.550868489467955,225.51769568806435,4.020590810201744
1455,484,10.970764408264921,225.93739476937407,3.996194379609852
1457,485,10.579137678249419,226.3084314670871,4.029508737856484
1459,486,10.158334857007393,226.73947759576265,4.037056116423753
1461,487,9.813740027905299,227.23055908815988,3.9841485463238295
1463,488,9.668261415113163,227.79290443905313,3.916621698926176
1465,489,9.603835705915849,228.4889183921707,3.872500571676167
1467,490,9.627887172117902,229.29171650773608,3.8270784471948103
1469,491,9.673500344388486,230.05583615385208,3.8095310850765447
1471,492,9.608860881527377,230.6280094306741,3.800229788449663
1473,493,9.367246824373384,230.9545451617961,3.7945499895479706
1475,494,9.002838825581794,231.1650988648018,3.7507039954245562
1477,495,8.780208592163692,231.28213640454052,3.6993307582636565
1480,496,9.063752285806084,231.24236528877546,3.7722235221560343
1482,497,9.17529521306548,230.76909748375766,3.942391951141061
1484,498,9.152385815737244,229.77204387671568,4.051011808310791
1486,499,9.558308493310316,228.69070297922772,4.004317383855258
1488,500,9.894906401790754,227.88200145741837,3.8821156498163063
1490,501,9.549294232911832,227.43559981411596,3.7863042161980056
1492,502,8.811496280609758,227.12665200581137,3.768785141717017
1494,503,8.478034127892498,226.79932155268,3.808367472614831
1496,504,8.348602658786747,226.62605963083595,3.8479932596645194
1498,505,8.003395627152479,226.66733875733811,3.8872546118796496
1500,506,7.851890602115613,226.89223041168998,3.8711407020560005
1502,507,8.308704785484808,227.18706984476506,3.788694862806719
1503,508,8.946075115134231,227.33349253153128,3.7702703804850732
1505,509,9.210035235483367,227.1904117509931,3.8448541462750416
1507,510,8.778778706824328,226.61589962591367,3.959255576550894
1509,511,8.259862584243848,225.6089490569281,4.021874709941707
1512,512,8.068408742708641,224.652358196905,3.9637689053644056
1514,513,7.757767128116166,223.91071088011725,3.9473152885108465
1515,514,7.5119250218887705,223.03701690275273,3.9779402330315823
1517,515,7.842448951302488,221.90660501898196,3.9151054093632305
1519,516,8.326996862158278,220.88564132842257,3.845105698616905
1521,517,8.244300698478149,220.0420983487091,3.8201223036933474
1523,518,7.817988614087705,219.33961269490038,3.8878393659971526
1525,519,7.395137326009451,218.40887176026467,4.014700271382667
1527,520,7.531511427925078,217.29629399284613,3.902156782656683
1529,521,7.9785438636621295,216.5400638282088,3.71152935941923
1531,522,8.331392159168733,215.9934339742304,3.6490256871135416
1533,523,8.590377584249735,215.52316655301314,3.639730555190911
1535,524,8.853364133967457,215.22194840395233,3.6133447596485793
1537,525,9.169560788628866,214.9913398070151,3.5781779188221297
1539,526,9.341481551245831,214.84845472191662,3.5190545880617985
1541,527,9.588140501540446,214.94407208216634,3.4204772214954318
1543,528,10.327774325570031,215.14602025975566,3.286183151547071
1545,529,11.50738429747733,215.36189240367685,3.2099897282910277
1547,530,12.42121369965259,215.57763392837498,3.2309909175590747
1549,531,12.241345340957592,215.79625034278453,3.2896394069806894
1551,532,11.455919641140165,216.1183496536867,3.3571270208152972
1553,533,10.959071146270231,216.6224367838802,3.389395750876886
1555,534,10.37745570025449,217.15751025015103,3.3691743453803267
1557,535,9.464115617289034,217.58491417604736,3.3646103264153466
1559,536,8.62498047017287,217.90440116645027,3.4018719426698665
1561,537,8.134964159033132,218.1381825487575,3.46061706862786
1564,538,8.18584240622815,218.30838079173398,3.4890879227858087
1565,539,8.636332671985802,218.45395815181118,3.461939649638772
1567,540,9.484219022440369,218.66617227652105,3.412835478871871
1569,541,10.488418778924158,218.8720812607709,3.3656141041313083
1571,542,11.335275829296672,218.91449506034473,3.3166104859159207
1573,543,11.928714005200078,218.75774063919332,3.2843883362973165
1575,544,12.078786430867714,218.50857350410507,3.285836397839493
1577,545,11.717924975017866,218.23021414422442,3.328154235994668
1579,546,10.897815304920048,217.97421377345486,3.4028210690365497
1581,547,9.815538875113209,217.7680813283201,3.4641298982087725
1583,548,8.869652057757698,217.6353308708307,3.466922234627631
1585,549,8.303009433730576,217.60329480738778,3.438690913348654
1587,550,7.976914626397221,217.53175297101788,3.4684732126613156
1589,551,7.839121073469622,217.28900901298485,3.5392877127001756
1591,552,7.982229485230393,216.97713297701122,3.5971748672377957
1593,553,8.241656393963165,216.78002332524832,3.680891753284
1595,554,8.347717219554967,216.74294411192713,3.771464021407765
1597,555,8.071100980050861,216.98657343286396,3.845564362365029
1599,556,7.747072138822377,217.61716246882264,3.8914592830943557
1601,557,7.728039439228279,218.409066944214,3.8623298372487205
1603,558,7.806763099427387,218.99824139046103,3.774614617736451
1605,559,7.585617343269954,219.3129675253994,3.7807348006165076
1607,560,7.071984983484916,219.53042703541377,3.9311568950445257
1610,561,6.61479046099279,219.73054624902255,4.190834402626792
1612,562,6.2702982387304464,220.28039789959794,4.452254157463601
1614,563,5.946682300743831,221.4077954495222,4.547568265702872
1616,564,5.923420143859552,222.7622625874312,4.495449644785625
1618,565,6.338543789458906,223.968244000827,4.445172602485358
1620,566,6.9077828218671655,224.65177317216148,4.350098983939006
1622,567,7.2284674900300905,224.61258577371052,4.1924735540981315
1624,568,7.474257262208939,224.2529744464672,4.021338169741894
1626,569,7.67215670219182,223.9609442746577,3.9496053087162384
1628,570,7.491665131444258,223.7410476231773,3.945320809851402
1630,571,7.181000391823681,223.69135145114203,3.919407062707498
1632,572,7.000276191379478,223.86166460629437,3.847100539126353
1634,573,6.977594281028973,224.0589623623461,3.774891867515771
1636,574,7.056916099769947,224.16340924343297,3.8130536060590843
1637,575,7.084385976723571,224.06044792342433,3.9326824587880798
1639,576,7.162304139264254,223.63764677194843,4.013078994333119
1641,577,7.304598978630788,222.95624497268415,3.998976557706923
1643,578,7.290656837255088,222.30875503901248,3.8839240934681434
1645,579,7.020953595455798,221.84846438174142,3.7801590520682047
1648,580,6.7107110830555055,221.52818194463882,3.702637913298919
1650,581,6.671900370116132,221.2646760111008,3.6751767811871545
1652,582,6.680021227034955,220.87711930705254,3.7367191841161453
1654,583,6.239977406500156,220.24166019301376,3.909601546824055
1656,584,5.4164668671909055,219.15888251381807,4.267899910629172
1657,585,5.126951898306073,217.4191273937336,4.539973300254089
1659,586,5.754635887208729,215.9476912305295,4.303265969969769
1661,587,6.186222331556403,215.1329189528327,4.1317873086991606
1664,588,6.278125037819939,214.76549528334897,4.082054630270632
1666,589,6.408198409723451,214.6765898922099,4.002455307843504
1668,590,6.709796455230247,214.76503790016193,3.890252741569772
1670,591,7.315661221878565,215.01613491570018,3.814815022838188
1672,592,7.644800854986804,215.2960238370713,3.826889293504055
1674,593,7.267574462660283,215.6576225857799,3.894707858085329
1676,594,6.789726224319886,216.1018778171537,3.915193309075397
1678,595,6.5618198086741995,216.6554894902185,3.925945753102835
1679,596,6.75954003856826,217.3493730553492,3.9073274004626866
1681,597,7.155854907993723,218.0088939614392,3.8073155108666388
1683,598,7.295996430100147,218.60424987212312,3.6898649218532427
1685,599,7.112296605049219,219.14728692634077,3.660176775224421
1687,600,6.768593998428643,219.6401431897543,3.7466927657291382
1690,601,6.560163621833217,220.0663789581314,3.847607215878017
1692,602,6.737940316075455,220.49939777298323,3.885125503648161
1694,603,7.378456115733801,221.07728584055772,3.9671243550931212
1695,604,8.160996773396189,221.8316003403688,4.146148674070631
1697,605,8.086898855125938,222.8896520737729,4.401593360312147
1699,606,7.670771036282799,224.41923717158366,4.543200592827261
1701,607,7.920360564398915,225.66681578120006,4.390867411617015
1704,608,8.115422208856325,226.27117107451494,4.222605939078697
1706,609,8.092501993474132,226.4101352779569,4.110182349435909
1708,610,8.178932264377336,226.15543447423434,4.002868822520756
1710,611,8.392915466403625,225.72346043028722,3.8791634684275507
1712,612,8.614688146043031,225.2764954303408,3.8342546866877463
1713,613,8.698675881768715,224.98766130705192,3.908702918836892
1715,614,8.454379396355886,225.0530440299601,4.093623962616897
1718,615,7.748887416966826,225.62231634807483,4.339969137501579
1720,616,7.016714213916869,226.77124472691412,4.482459910526975
1722,617,6.956702099138096,228.16717968192418,4.292187931124554
1723,618,7.444050170857658,229.17625177816566,3.9105036610313957
1725,619,7.882368526371905,229.70653164687565,3.6642938732987385
1727,620,7.975555541686172,230.0212628918938,3.5948241542635904
1729,621,7.740846834548978,230.22857742908056,3.659208761799928
1731,622,7.51886096628594,230.4815408807412,3.7469588953437913
1733,623,7.476890441619901,230.77891530477893,3.761738087463837
1735,624,7.502628099820148,230.96423053918303,3.7551560572484015
1737,625,7.371832942412172,231.05970287530795,3.7822172426222287
1739,626,7.039175123605094,231.00899070354706,3.8246008198504975
1741,627,6.837581914728146,230.76299961916183,3.818335745941205
1743,628,7.154865543763527,230.54455872037212,3.7501147946364206
1745,629,7.560152031079473,230.52701363452772,3.7220999401669492
1747,630,7.472458141165998,230.81352387024413,3.8159322303979284
1749,631,7.090389706152072,231.5199157909803,4.028788891666875
1751,632,6.878656134453016,232.55561721026905,4.202745555357919
1753,633,7.0887219465118605,233.6111812191017,4.207917336570938
1755,634,7.36779274615194,234.45557030419235,4.1439678255354435
1756,635,7.282454425195604,235.2948224953484,4.1614587487745
1757,636,7.150779567010701,236.21439682784035,4.157409393599056
1758,637,7.306299629318759,237.0415698107809,4.049721918072846
1759,638,7.67116431248506,237.79049536953144,3.911630025359567
1760,639,7.979739260737171,238.44631926807645,3.827319367205735
1761,640,7.9467073021222285,238.92819912602414,3.8617236494210467
1762,641,7.615811747392126,239.54376128391928,3.950098931791802
1763,642,7.5409336903974165,240.17690812565854,3.837639744547508
1764,643,7.750421696434454,240.3646250703559,3.6510971659525153
1765,644,7.924003535044818,240.18148883060758,3.601633532700941
1766,645,8.015141700637352,239.8407183380058,3.5817634853105322
1767,646,8.26465210325791,239.51270167617614,3.5820407608689266
1768,647,8.56816733109436,239.12948635706022,3.633453276229042
1769,648,8.603405475495393,238.72257488140175,3.7047166293859264
1770,649,8.421916425913674,238.31992616521762,3.7939648994291786
1771,650,8.217215172456212,237.92392745361317,3.9087920965672494
1772,651,8.09262052100805,237.5462619857184,3.9919205307989447
1773,652,8.015796682271615,237.15452849552895,4.043396430593719
1774,653,8.025526851978228,236.8056262369472,4.020819010040884
1775,654,8.329328933862543,236.65084693328762,3.927723014296766
1776,655,8.82206224165034,236.7588779688613,3.8475974263696955
1777,656,9.11694007210261,236.9881248689763,3.7924758820367677
1778,657,9.106705712458501,237.1513646760187,3.7924017710331452
1779,658,8.843555587884401,237.32978588999902,3.8578115814444036
1780,659,8.357288994726067,237.6603751741965,3.9303478428575933
1781,660,7.808695935746032,238.03274747543722,3.939254588135315
1782,661,7.322661081090228,238.21510429440613,3.9302475734514095
1783,662,6.982037614008356,238.0074796331494,3.904781803632606
1784,663,6.870127089852325,237.47781129545388,3.843948415549076
1785,664,6.76376153579992,236.77672764094925,3.8997578737779874
1786,665,6.486577731992475,235.82334697009696,4.125476737491163
1787,666,6.154201890241179,234.53187950209553,4.443035399912171
1788,667,5.835528591271228,232.91853683049425,4.66630058029014
1789,668,5.872416133952362,231.07536560913599,4.5736011931967475
1790,669,6.27568574714418,229.41227632746813,4.389951545300915
1791,670,6.9109189235582,228.0570738744058,4.275389436143874
1792,671,7.78987533365794,227.1657265205935,4.1034014282405336
1793,672,8.316722063682056,226.88446401590383,3.9017942673625257
1794,673,8.390992645960466,227.0748475445274,3.7249616779430235
1795,674,8.15488426390059,227.37725962575752,3.6191968583909664
1796,675,7.564820544526358,227.5031575798671,3.658892939359267
1797,676,6.800385974544028,227.23481068889703,3.8764100740810443
1798,677,6.204633857778217,226.40103081254938,4.244206169124132
1799,678,6.174626830153096,225.13491366329407,4.551174255153135
1800,679,6.673918017588405,224.0707878014169,4.561813884828129
1801,680,7.470689134145497,223.5440245063135,4.4643812567398715
1802,681,8.300406483736062,223.56095756245966,4.383489213220848
1803,682,8.429547536055898,224.178552534118,4.362018250983215
1804,683,8.324917539046705,225.22238909206243,4.1982982112110365
1805,684,8.64151690587505,226.0183283938846,3.889348874411857
1806,685,8.93961097179298,226.39831964573114,3.7455927320455285
1807,686,9.039552442801929,226.48611516557474,3.751184500785413
1808,687,8.862594425798765,226.40613768611348,3.805655981738792
1809,688,8.7812868837041,226.28838806087637,3.809342426265973
1810,689,8.863025401719451,226.20259209784362,3.757917384591884
1811,690,8.976720897130475,226.2029745768533,3.6969634865867933
1812,691,9.26993287308958,226.28595150012256,3.6387147834005713
1813,692,9.406929995849106,226.33218747667308,3.617711940635979
1814,693,8.985793306159588,226.44376787427956,3.6183075696959928
1815,694,8.478227227042204,226.70655944525265,3.6274081840073955
1816,695,8.485317865527565,227.00945603659693,3.66277209347653
1817,696,8.918161635090462,227.3075497618797,3.6712464434166936
1818,697,9.432978068637395,227.59262204580713,3.630358244798616
1819,698,9.949330334602502,227.86656666063934,3.5786346776012357
1820,699,10.263978149164071,228.00695917790017,3.57132391789295
1821,700,10.255410801750871,227.94252646745718,3.6313417527835012
1822,701,10.046902080514979,227.6518305698692,3.712269100813007
1823,702,9.874630442498958,227.19262893897522,3.758685276669823
1824,703,9.8151957589846,226.79130276221613,3.726182965730432
1825,704,9.628319510801235,226.54038866075155,3.6576576709207265
1826,705,9.247642176500154,226.42824449051088,3.6127680537359304
1827,706,8.85254456264165,226.42651240408557,3.5923270473300994
1828,707,8.549233651700186,226.3545112485775,3.622834598843499
1829,708,8.266695597683778,226.10111570110854,3.688441337556007
1830,709,8.107538975781724,225.66342770345884,3.7651500238034434
1831,710,8.134553451551845,225.05049742410463,3.869776943689652
1832,711,8.354214965253062,224.30359195140528,4.003604464614816
1833,712,8.500697458513768,223.72657074077935,4.089380299800056
1834,713,8.203282644059728,223.67871406831182,4.089841061453803
1835,714,7.8018356175528325,224.14777191985553,3.990607950284772
1836,715,7.619798499523665,224.68336909195824,3.9070510516528185
1837,716,7.687044463843321,224.98860051305186,3.943414635457894
1838,717,8.147592432340073,225.1442267185963,3.9947698230625677
1839,718,8.816133279475578,225.26646098159475,4.009690771331034
1840,719,9.176960980317874,225.41972389182482,4.0807620400073725
1841,720,9.215541872617491,225.2906689296422,4.120008294256309
1842,721,8.876247533433817,224.6800130321556,4.109037181575457
1843,722,8.306536211023884,223.79730618675285,4.178342581605969
1844,723,7.921743104103415,222.80317295481305,4.2599428182934584
1845,724,7.60306683756691,221.92869018478842,4.311113973033279
1846,725,7.31731169021577,221.47839894262734,4.331370710573205
1847,726,7.1170320690013895,221.5470612120018,4.294907531126494
1848,727,6.899964531684746,221.99249075976886,4.289727416937411
1849,728,6.796992238256915,222.79204860321667,4.391062980061935
1850,729,6.867270490198425,223.57122090078454,4.465522766271882
1851,730,6.597623380028163,223.7699076365292,4.521881604510373
1852,731,6.16857261906574,223.2277441498819,4.560934938477343
1853,732,6.215753501235206,222.281665557546,4.485402348208053
1854,733,6.885288292169335,221.32764099863385,4.44478856949135
1855,734,7.6982309429434475,220.76659863492654,4.354810619249235
1856,735,7.947500594407249,220.83851496069224,4.183708658542079
1857,736,8.010834376681192,221.25061639863014,4.002933387369997
1858,737,8.040542984640718,221.5315265003748,3.9164869168205985
1859,738,7.687699646983368,221.69692209758597,3.911102228355539
1860,739,7.219825487986777,221.9044410376111,3.9184866638928986
1861,740,7.14972307770086,222.09500467408807,3.881852374831977
1862,741,7.312276671928266,222.3495218176909,3.891342966960361
1863,742,7.54515783664066,222.64483390620336,3.956075239657591
1864,743,7.661996420220434,222.8640708621484,4.0624143681582305
1865,744,7.725521390024972,223.11186577456445,4.167634567795929
1866,745,7.877499471558154,223.40685313541604,4.230440045228532
1867,746,7.877138573048293,223.98991367111253,4.276839244105109
1868,747,7.5892337939010455,224.9677096677048,4.3005500853811895
1869,748,6.925116783474125,226.2342147149007,4.415168478265677
1870,749,6.486978572309004,227.79044158474065,4.5762973517180345
1871,750,6.790787918444614,229.13931805213068,4.515985099486434
1872,751,7.26623832480492,229.72758968756878,4.341987400662847
1873,752,7.515193918687625,229.71596955961442,4.170927382913219
1874,753,7.661946302749394,229.556570565672,4.021738052873291
1875,754,7.514738766925662,229.44417466987568,3.9308560028051516
1876,755,7.114823805855395,229.2803221720198,3.8899025879123585
1877,756,6.699561909833915,228.88868647339683,3.922385792414628
1878,757,6.182212576206943,228.15974794159794,4.050149752992276
1879,758,5.677248694354972,227.07318640639593,4.217542375511339
1880,759,5.662516973657589,225.8196985884701,4.191847820371603
1881,760,6.407402058439668,224.62971026923992,3.915635759780044
1882,761,7.604927093162005,223.7566610471112,3.6079026145126707
1883,762,8.775227607870098,223.25931214669694,3.42758088729704
1884,763,9.600212327929254,223.06521253101238,3.3606526676435364
1885,764,9.688168332891706,223.09964178849629,3.3302476768148024
1886,765,9.144690887909476,223.21095928617385,3.3211965918691724
1887,766,8.700686924845066,223.23060858288068,3.351525008955566
1888,767,8.722692492565566,223.11526880100118,3.399176912386322
1889,768,8.91455044790835,223.0141008348752,3.423857457833123
1890,769,9.03346788180698,223.03071409879342,3.3875242038556848
1891,770,9.045162740383311,223.15770245390988,3.3182268211821975
1892,771,9.137492382688341,223.33521305470438,3.254169487400038
1893,772,9.191475260857612,223.43847924326843,3.231678128533876
1894,773,9.124804358400674,223.41123275080128,3.265879824533349
1895,774,9.081649469526624,223.2515482632942,3.3412652687682
1896,775,9.109790643880602,222.9262471200092,3.442961302339645
1897,776,9.251626191114589,222.44415122702028,3.5310585534493155
1898,777,9.47024270856028,221.9679456504311,3.58285266371391
1899,778,9.5749202791926,221.59509045477822,3.6631795588329816
1900,779,9.426762499766754,221.20826549782646,3.765229943141918
1901,780,9.12316222977772,220.78210855805912,3.8636176210819877
1902,781,8.871703929591135,220.47471255644268,3.9883113921954894
1903,782,8.612701116077735,220.51442213082677,4.046215741958916
1904,783,8.325837638748535,220.83534333003723,4.042190805428794
1905,784,7.983961487541859,221.08726663178535,4.150947310996277
1906,785,7.2487662271822675,221.3362485178398,4.389151669085497
1907,786,6.2287678991215785,222.0484111482922,4.741440069804655
1908,787,5.6801004986576595,223.55571451218626,4.963869445678483
1909,788,6.113364937275491,225.15868844280942,4.605077273253523
1910,789,6.925705635784865,226.0492305724603,4.193986131006351
1911,790,7.614094447662058,226.3778499163248,3.946970503244619
1912,791,8.114448709577678,226.61508334029344,3.8289120073730114
1913,792,8.481267265231379,226.99195458670837,3.805381848251078
1914,793,8.773463217022533,227.43964968250572,3.811017710589935
1915,794,9.127485526862747,227.83019792618643,3.7830082814554262
1916,795,9.515515001010515,228.1028315134601,3.762640431778514
1917,796,9.72166950616181,228.31197202610045,3.802388594183102
1918,797,9.59735399487739,228.27499247946747,3.8396290100583146
1919,798,9.230032298756694,227.91804690336156,3.8418739465345215
1920,799,8.84480068958818,227.40012432574116,3.854447611383379
1921,800,8.663510562087492,226.89517260185613,3.811481596308699
1922,801,8.752480361260396,226.5598846594346,3.71880322061288
1923,802,8.94366464771011,226.29969878754903,3.6642724716509547
1924,803,8.886397408288067,226.08782085368765,3.6824615185386462
1925,804,8.515284592715615,225.8956105478185,3.770695727915864
1926,805,7.872998332144497,225.56457074925916,3.9488903834021305
1927,806,7.013390721060088,224.92193131599512,4.2005960426639675
1928,807,6.481006258151349,224.0897402883512,4.331917938146608
1929,808,6.3004607511218,223.63091224046417,4.284603849809614
1930,809,6.212635624247571,223.61832281186497,4.179427742542723
1931,810,6.0316710010651535,223.87371710304424,4.165580668830745
1932,811,5.539318929854163,224.5883936477044,4.317013380405265
1933,812,5.172853944957948,225.6852254284857,4.372711585368256
1934,813,5.050707088067457,226.57606961387026,4.304426513373239
1935,814,4.965522604816895,226.94354464635805,4.289679182579681
1936,815,4.853078995635481,226.70609683212024,4.330966074771213
1937,816,4.8535258678810065,225.99855417672057,4.2797532890012535
1938,817,4.891966732523252,225.17254736366505,4.141771789002341
1939,818,4.668756016220051,224.27892642532842,4.160916739269908
1940,819,4.4488765860705195,223.2526262556697,4.204854181998874
1941,820,4.386643017796762,222.44051939045298,4.191708092165299
1942,821,4.375061058517981,221.94780511116312,4.229419649282932
1943,822,4.428814873761519,221.66471078792037,4.236933359087788
1944,823,4.529294614453893,221.62418460943388,4.231504830098415
1945,824,4.7204688348027535,221.65473665646903,4.159418230921765
1946,825,5.043236614602008,221.599498716425,4.013336760884184
1947,826,5.426907223529677,221.66946539305772,3.870657576153386
1948,827,5.823467168613936,221.81220684023253,3.7381996235210893
1949,828,6.101648270190625,221.82161786072618,3.649626472448177
1950,829,6.226577654733569,221.7054024765765,3.631445870109303
1951,830,6.235228743764572,221.5672340167654,3.6706344896891983
1952,831,6.044658325945144,221.39533533008859,3.7847992235586787
1953,832,5.904627506134164,221.23722528700782,3.9347359436208977
1954,833,5.97946438327483,221.30912785297932,4.001059150279241
1955,834,6.048293721652722,221.71557870082412,3.9655032296818016
1956,835,6.086149442682756,222.3134815640914,3.9134389115058137
1957,836,6.199998715544857,222.87994208178378,3.9412772781046668
1958,837,6.236932042906819,223.21425269185366,3.9938598637126757
1959,838,6.009511331526478,223.1784173625699,4.017154210986102
1960,839,5.732954873685828,222.9508880724101,4.020599342648247
1961,840,5.5522930137940785,222.7613113734724,3.978048229025326
1962,841,5.5016475163886795,222.71033337661441,3.8728477771191354
1963,842,5.6651341379064135,222.86678951630904,3.7839866390675336
1964,843,5.995939369331789,223.07393215293487,3.716689652788451
1965,844,6.282256749195593,223.0877901910005,3.686785217263822
1966,845,6.407469703596018,222.95514236244733,3.724720136857597
1967,846,6.216939713079936,222.73473656257843,3.8395588350511725
1968,847,5.752420518650582,222.4035733324703,4.013427551552267
1969,848,5.517529617426782,222.07899016954713,4.191386319562161
1970,849,5.870727068694195,221.9272464494532,4.264313956298128
1971,850,6.642681714809289,221.85261693350154,4.203162492413758
1972,851,7.499567834424179,221.8961463407219,4.078662457639307
1973,852,8.040391979342715,222.26904426145444,3.969866334239488
1974,853,8.147258678792689,222.8337122149824,3.8805690269651856
1975,854,7.979096804220056,223.3970695352917,3.8193589373375274
1976,855,7.8256470116352315,223.98759400551523,3.8356418217548276
1977,856,7.967086529016387,224.47236492249095,3.8678763883686487
1978,857,8.16712104993673,224.53204697377527,3.8474270847394147
1979,858,8.022518623060009,224.15105911758263,3.8348792324411747
1980,859,7.77833366088332,223.43759716117694,3.8541380875009943
1981,860,8.093262853222008,222.57837741298022,3.880327669079957
1982,861,8.894211591369244,221.89335395303704,3.8562548297808807
1983,862,9.581687206960279,221.59544295863094,3.783832643491034
1984,863,9.752620840704818,221.67810112673337,3.7676997964057244
1985,864,9.305292093590051,221.8589555727832,3.788065985468506
1986,865,8.26736574296507,221.95905643971014,3.7912271486188995
1987,866,7.256442228613493,222.14762992767243,3.7265931807936656
1988,867,6.8870518680131845,222.36665517000125,3.599306036260431
1989,868,7.046431204545916,222.28909090866662,3.53200146615407
1990,869,7.541841000129136,221.96995497791298,3.5273895749803303
1991,870,8.150585308343617,221.51851087317874,3.616765907639389
1992,871,8.678936117473235,220.82565531395915,3.752207311115651
1993,872,8.90850456408077,220.01331712756487,3.850252585298316
1994,873,8.272192039026088,219.2483004433514,4.034990168378257
1996,874,0.8828405935899072,220.1249210634311,8.14043896952766
1997,875,5.3792621172065065,216.5644886426914,4.912199462503906
1998,876,5.345286363511439,214.51487968557808,4.889750845973402
1999,877,6.029497183917156,213.18077383932467,4.537480099346951
2000,878,6.796966178277251,212.67953728758883,4.125064656472976
2001,879,7.433866396472707,212.66353289746604,3.876650293156813
2002,880,7.7751054037092695,212.9216069833347,3.8066353944054594
2003,881,7.5689286347548315,213.3789763592469,3.8387671517218553
2004,882,7.225890979211975,213.990622466808,3.8835867122273653
2005,883,7.1819941016804165,214.71378457389866,3.9326349124202573
2006,884,7.587168701346622,215.54203799357313,3.9515200984128094
2007,885,8.270003784928534,216.21351298612146,3.883605154682146
2008,886,8.621488691200469,216.5809131274721,3.821586298400791
2009,887,8.479940756480932,216.596041500841,3.907198210793147
2010,888,7.621329021145648,216.12265233260678,4.094040919002272
2011,889,6.34822867055457,215.1150505711665,4.263885942641767
2012,890,5.479286645777272,213.64610959919384,4.548333752443217
2013,891,5.454713963945511,211.87861227871724,4.789956228118039
2014,892,6.078067341217421,210.4073118768506,4.5907819148117746
2015,893,6.896250644049343,209.41341321003327,4.241786065185272
2016,894,7.730117509095446,208.79221918605938,3.966503591779534
2017,895,8.482697544817281,208.5405518113116,3.791685969470818
2018,896,9.143800256297979,208.50282355166374,3.6689417913152917
2019,897,9.192471651199355,208.54426312420517,3.5931504273481587
2020,898,8.637293175343645,208.6449467297736,3.5845022895244383
2021,899,8.141741735612658,208.6740163558374,3.6648915810870935
2022,900,7.8059456755017465,208.55877821549998,3.7907381507127886
2023,901,7.621697967407942,208.36421584990157,3.8942298202387584
2024,902,7.705124117500548,208.2990888506669,3.9533402206383728
2025,903,7.797673001922387,208.34406790969157,3.9995834087050417
2026,904,7.73113129931621,208.2494092096885,4.024972471212783
2027,905,7.791801621766305,207.97379018690677,4.0229824227476465
2028,906,8.00395195191336,207.65657460868164,4.059120477007332
2029,907,7.96666261456688,207.4124058598461,4.108191937912669
2030,908,7.607705586212065,207.33844135927487,4.143011342731815
2031,909,7.402375250871766,207.51970512746973,4.119993812489105
2032,910,7.452548554356935,207.82674476919692,4.012271560156962
2033,911,7.513075044515199,207.9486452941219,3.91644232222583
2034,912,7.434547193560667,207.7657633132669,3.8788857164577197
2035,913,7.263986107634769,207.45336489823754,3.8503656664566495
2036,914,7.103751520331009,207.21802281918934,3.8043973162284823
2037,915,7.102745510590889,207.17971966373287,3.7601017962935295
2038,916,7.4885036934774325,207.5060331758604,3.6805483613871175
2039,917,8.277373782861204,208.061470803008,3.576783626384479
2040,918,8.69184523044269,208.42718776416413,3.4826179142302753
2041,919,8.375956657775873,208.6256877577836,3.4175781653881563
2042,920,7.554578888714352,208.82414893162832,3.373870327739289
2043,921,6.678906524949343,209.03408162354486,3.3623657000462
2044,922,6.467333708387924,209.14433406337844,3.4136347260330457
2045,923,6.5780075146436525,209.0258388489198,3.5387469233869155
2046,924,6.6837341544416295,208.55542660762654,3.778540902386524
2047,925,6.9500815607178446,207.5168015294787,4.05970828604878
2048,926,7.362725430600893,206.16649141209652,4.173938694232941
2049,927,7.643933135241844,205.04130055113387,4.118832395209713
2050,928,7.8363382066375555,204.33334303158023,4.072677547321206
2051,929,8.053567753445536,204.07808945918242,4.092862652855903
2052,930,8.03869647199475,204.3025340382505,4.114313690971744
2053,931,7.796818688036706,205.00304154846089,4.166683795023086
2054,932,7.8602821385627,206.05953948972817,4.194937576053484
2055,933,8.314169163729153,207.1159127611828,4.187538398860632
2056,934,8.669482648629614,207.7678033737163,4.126040610010727
2057,935,8.74894140271274,207.79792222215048,4.0071207699011655
2058,936,8.879475848350477,207.43648471653046,3.8249594814350423
2059,937,9.294840743421707,207.03009707676512,3.6384575694957233
2060,938,9.910208877908222,206.7379025405405,3.5280188274286375
2061,939,10.232412886450915,206.59822369674106,3.482232771243646
2062,940,10.164838870925392,206.58418920886993,3.522654037431565
2063,941,9.734067889435485,206.6081127357946,3.6293048144133113
2064,942,8.868631696663986,206.55216082837694,3.770581890474822
2065,943,7.975689011696305,206.29691747445347,3.9625096199153917
2066,944,7.448983388024182,205.78249451572586,4.112113436740506
2067,945,7.428902543864439,205.00512733428826,4.082893362327879
2068,946,7.958602377944638,204.1794885570778,3.9573149879976777
2069,947,8.617740824471126,203.59232622631558,3.874150621808671
2070,948,8.755427476349253,203.37589533792587,3.7854238783905236
2071,949,8.477857523773856,203.30032708926376,3.6660807955284134
2072,950,8.207872507097676,203.05696831349175,3.6049863961244317
2073,951,8.139428975581438,202.6652653615134,3.6525822862849293
2074,952,8.105962979999326,202.19436536167015,3.72475870854542
2075,953,7.636778911835814,201.61290100181364,3.778442428097594
2076,954,7.11285196009122,200.98255168795262,3.8275317481010123
2077,955,7.087445516746851,200.40710001513216,3.8926376390991035
2078,956,7.282228961555144,200.0292538888949,3.9381903001914003
2079,957,7.210738327139364,199.91157237088183,3.9838566705024707
2080,958,7.032165480835998,200.00842784630277,4.069849409255986
2081,959,6.757664108545145,200.40442313931334,4.185350014082989
2082,960,6.307253551337255,200.73043696979155,4.286550364335226
2083,961,5.613988122708759,200.36231829326448,4.505223348098098
2084,962,5.232070866615767,199.08519552763184,4.78937926049146
2085,963,5.716228645979344,197.27853317135362,4.777584992831663
2086,964,6.806855846184678,195.8332019142876,4.3865479948507655
2087,965,7.7609520601638105,195.17915946913482,4.0964428674209294
2088,966,8.197956289011044,195.05726689679017,4.007869152059864
2089,967,8.278117256695323,195.2280496047616,3.9750558488487484
2090,968,8.303871758641812,195.49328767098027,3.9141040962667155
2091,969,8.496263904245703,195.76136332432006,3.83051422823894
2092,970,8.762097657154055,195.9159433928142,3.7737353635438384
2093,971,8.90542534950064,195.79649793330066,3.8127397614228364
2094,972,9.15532692336943,195.49266164707996,3.8519768898513163
2095,973,9.795245718541143,195.2650982055832,3.8182494580058486
2096,974,10.094827108747024,195.33833542195265,3.8132649139522843
2097,975,9.497686547943113,195.84989788499544,3.8712156039600605
2098,976,8.627965687526373,196.75606136852315,3.9445566645790073
2099,977,7.949226705194466,197.92559791643163,4.14929054892939
2100,978,7.548338866758943,199.30032039916864,4.446587643438229
2101,979,7.465973626832453,200.8067394835318,4.541166187924914
2102,980,7.900815124302828,202.0983966624493,4.304187649511757
2103,981,8.28214426913348,202.7654715383412,4.032045892296954
2104,982,8.117012632238941,202.98241940344616,3.9157293537240205
2105,983,7.925367378492227,203.09348983282086,3.8929857649908475
2106,984,7.869453899995077,203.22559341062316,3.9043152368957665
2107,985,7.938366482499904,203.56195921855013,3.920947976421574
2108,986,8.353370338056996,204.1001490233891,3.879678922638229
2109,987,8.868966813374731,204.80961515921186,3.7983967567905266
2110,988,9.545651857200522,205.59086985300593,3.6467877231991634
2111,989,10.181872977896575,206.1714019494294,3.4988642619659114
2112,990,10.615691623915987,206.52160769519304,3.3956489795721674
2113,991,10.802932827335379,206.72376074123844,3.394158975065971
2114,992,10.871413382931232,206.88652462539793,3.494785598561536
2115,993,10.869267254427319,206.9765941631345,3.6428066757216904
2116,994,10.571661934773623,207.13812033733495,3.80052909801048
2117,995,9.833437735535929,207.56933076101652,3.941422693928858
2118,996,8.86331042755461,208.1793746634869,4.032136947779627
2119,997,7.816974070563772,208.68870990856252,4.061945742408655
2120,998,7.0109659125080155,208.95574841714617,4.074190884816812
2121,999,6.338952021824956,208.76238302075322,4.127086062431594
2122,1000,5.8764401371696495,208.00587194132754,4.1854289233895425
2123,1001,6.089435168875009,207.27427685112303,4.139385066697547
2124,1002,6.642073848790738,206.96192181187016,4.002847778571085
2125,1003,7.233821993853834,206.93653273926193,3.800067419094873
2126,1004,7.78737284425691,206.99970842715894,3.6581815465022993
2127,1005,8.406914072648672,207.12845805919966,3.615525940039799
2128,1006,8.26001508028483,207.31249240494117,3.6366822000670855
2129,1007,7.196664578498736,207.64534553791705,3.7475758313887844
2130,1008,6.393981982008327,208.2079314036674,3.904034754716346
2131,1009,6.230721956951663,208.85704514416798,3.948301141538984
2132,1010,6.51619280805963,209.49811496863927,3.8603436248126863
2133,1011,7.2666852932849535,210.04887488402008,3.706360352263502
2134,1012,8.387765877534022,210.40843166443833,3.543849844518367
2135,1013,9.236517548323055,210.64722032236554,3.4613290501813205
2136,1014,9.355523574225153,210.76404221184407,3.5166156517502025
2137,1015,8.912214488029738,210.618885727558,3.7275605758475803
2138,1016,8.435667159388354,210.05927087077032,3.9330729716223813
2139,1017,8.38192643990756,209.31581981602395,3.9436564818214883
2140,1018,8.640886614252572,208.6816897800955,3.8866489336435768
2141,1019,8.80530883279174,208.0586704222538,3.836741802826278
2142,1020,8.56833384739113,207.4161686045336,3.804931114272131
2143,1021,8.340824035958699,206.73544836279495,3.7965193120784915
2144,1022,8.58298541559061,206.14084145339692,3.7326880838161625
2145,1023,9.028484059135264,205.62393564372994,3.640873084848795
2146,1024,9.307971042296705,205.050061242821,3.5877176344554615
2147,1025,9.293720411245117,204.47514988573516,3.5889368715472822
2148,1026,9.354599420493571,203.9896299249504,3.6118289850737257
2149,1027,9.73788894123142,203.6727399746291,3.5994658273631206
2150,1028,9.957513461361273,203.60818948622617,3.5382842140798436
2151,1029,9.780388105224555,203.728026318013,3.5161176067743245
2152,1030,9.31684276046508,203.91443999055227,3.59377232827442
2153,1031,8.67083291221024,204.10840565372496,3.750183348513459
2154,1032,8.22446891975411,204.41838107182306,3.871553071967731
2155,1033,8.155509249562508,205.0384181596189,3.8675948765120896
2156,1034,8.51835177311925,205.77251123802648,3.7659788147947255
2157,1035,8.932657186658144,206.3427531559116,3.6835909894289944
2158,1036,9.145265439961836,206.87496864907348,3.640992396112443
2159,1037,9.570020239989946,207.43656558658353,3.5427900410241917
2160,1038,10.13872156569216,207.84679695089505,3.4258539222765556
2161,1039,10.591896504388071,208.20175644178553,3.3458004360624063
2162,1040,10.849808935479636,208.46279459216382,3.3146080306500902
2163,1041,10.86879185714094,208.52584651903356,3.351097480270621
2164,1042,10.592570755421043,208.40157452431978,3.4250305806680763
2165,1043,9.780782354767636,208.06308140654212,3.504072837933741
2166,1044,9.171952125345843,207.57881492507946,3.556194252440161
2167,1045,9.365890696075994,207.1703759959431,3.568750989438824
2168,1046,9.861233071336754,206.90634990749982,3.592686361995131
2169,1047,9.865566367058358,206.7873222411097,3.61926265769058
2170,1048,9.31535422204857,206.7508800450099,3.649154588597383
2171,1049,8.731672854005215,206.7281223917635,3.6750153601915163
2172,1050,8.352799983781392,206.74210875081582,3.7102540049863686
2173,1051,8.444013843234421,206.79932760935642,3.7740474298702567
2174,1052,8.690937657080497,206.83017158289206,3.8535517847639595
2175,1053,8.637224301897941,206.94869862090883,3.9801986812636274
2176,1054,8.378716040757702,207.0894848799608,4.117496676341823
2177,1055,7.820707438944049,206.9522198509253,4.182333125826859
2178,1056,7.013495163644761,206.84478848099687,4.207972751125892
2179,1057,6.409265466872924,207.201016175009,4.229550023207633
2180,1058,6.517561655857017,207.69511910692196,4.057873688710125
2181,1059,7.277513587397779,207.87240038136716,3.8606866447040953
2182,1060,8.258622378793723,207.75481653235678,3.822595116730057
2183,1061,8.898584795037575,207.37708279308987,3.8714002221975816
2184,1062,8.993778480774985,206.89466607956876,3.899538476878489
2185,1063,8.75787877811433,206.55712763706916,3.911226141125082
2186,1064,8.371297818633037,206.4534199314801,3.8897012377296383
2187,1065,8.104168949457202,206.4474360495333,3.8115184476392714
2188,1066,7.941779059279596,206.3752381213782,3.7522679254483258
2189,1067,7.806475359021065,206.2031557277084,3.7313049204372115
2190,1068,7.587889173200313,205.8664040052779,3.729123686289454
2191,1069,7.365294063433727,205.37244523770119,3.7281141861307523
2192,1070,7.531915508830114,204.84689872790574,3.7327051184373907
2193,1071,7.985842715687228,204.4503283174157,3.715350424306252
2194,1072,8.602588006535873,204.28037328111304,3.667203801451839
2195,1073,9.186318206773679,204.30780688020576,3.6294025514077757
2196,1074,9.435133225610512,204.48306859163034,3.6279934398716907
2197,1075,9.384913144122374,204.70124369136857,3.648875830208343
2198,1076,9.025530977240875,204.8721689508733,3.6805445951805695
2199,1077,8.680315797515739,205.04396070548037,3.6990054367009315
2200,1078,8.702651298954482,205.24353708819956,3.652855599176939
2201,1079,8.942409449938907,205.4566815458426,3.5917389455086535
2202,1080,9.149796688408708,205.6526571411824,3.6013579233275492
2203,1081,8.948392338718353,205.71612399323485,3.696297758153663
2204,1082,8.044924668552714,205.64023658549587,3.548398632186188
2206,1083,8.316987888742506,205.3095958455895,3.9580006077561283
2207,1084,8.26266073059478,204.86888372962315,4.097257821969914
2208,1085,8.401016763430391,204.36872787278838,4.159001414418133
2209,1086,8.51617918395051,204.04110407409445,4.084622093525525
2210,1087,8.304744311776702,204.03231871099968,3.9889651722915755
2211,1088,8.092689282106774,204.37555007072265,3.9219130272005107
2212,1089,7.80283847247792,204.81803469900342,3.8937568968792062
2213,1090,7.319965476557842,205.20702779912025,3.957780391323494
2214,1091,7.048184478374804,205.65495449693026,4.089144568858906
2215,1092,6.837271773617252,206.32166074142503,4.216836778737128
2216,1093,6.611812570877205,207.32421604293572,4.209003269470456
2217,1094,6.520638741456085,208.31670843116743,4.016551893516954
2218,1095,6.5845424777960195,208.94787208546003,3.7935096072081804
2219,1096,7.120840631979313,209.24526233796695,3.6465263616471395
2220,1097,8.112406992749762,209.40422406153098,3.5958324814647904
2221,1098,8.725063631242111,209.3388408258046,3.6203315743828233
2222,1099,8.63832396218397,209.0178530709613,3.661366503530338
2223,1100,8.236398888943448,208.5955168428944,3.7329689321964015
2224,1101,7.722833876346626,208.11035966494103,3.8427899929151152
2225,1102,7.236798977318794,207.64161574774346,3.938137773712551
2226,1103,6.92132425982045,207.15307605170605,4.02771647622663
2227,1104,6.960675411171367,206.68426823381913,4.060423908976795
2228,1105,7.159764198953524,206.51576181279086,4.024297499853081
2229,1106,7.332025548334097,206.67220234881265,3.9370081107368806
2230,1107,7.409639337125996,206.88971305364612,3.836984796980648
2231,1108,7.472973009271458,207.0140403988337,3.7903027611661186
2232,1109,7.67403026353539,207.0631246076442,3.8068951124861283
2233,1110,7.544097942041251,207.12177344328268,3.8828509720660835
2234,1111,6.813126593510758,207.34541528799963,4.038397487773158
2235,1112,6.162153938751803,207.80613198883532,4.228021034630238
2236,1113,6.12339489824233,208.26128606482675,4.305241268082488
2237,1114,6.406848256429217,208.3600459896471,4.283347681516904
2238,1115,6.793777885315719,208.09937524098623,4.283324003396468
2239,1116,7.362971922536199,207.70945460279114,4.261975111639643
2240,1117,7.956296325356112,207.41770176613878,4.177272896763282
2241,1118,8.119582562660195,207.46065805440426,4.003883817350187
2242,1119,7.997011446583117,207.71271563387316,3.7689250011697553
2243,1120,7.892298417194377,207.78601005339863,3.6692636133813297
2244,1121,7.6982465529594535,207.67615053514803,3.7074044424802337
2245,1122,7.347392264047967,207.53862203720576,3.7864981209979534
2246,1123,7.081018749450305,207.47746786747723,3.8475826994416478
2247,1124,7.128113607396896,207.58665887171648,3.8696293374705997
2248,1125,7.343430254926005,207.77972477974234,3.8615045199607465
2249,1126,7.330177083598342,207.92613748903517,3.882358226694346
2250,1127,6.99814172072079,208.03111171272974,3.9144317576051013
2251,1128,6.553144273845033,208.1263893955375,3.882138054906335
2252,1129,6.424410602740159,208.23775005023816,3.78514367145767
2253,1130,6.883942054668446,208.31608479620206,3.707479668792115
2254,1131,7.563028235032454,208.33936704900051,3.6835180807268024
2255,1132,8.038891009076442,208.24778773333352,3.690651580106986
2256,1133,8.02242221746074,208.02363020674565,3.763935230935182
2257,1134,7.579033286793363,207.58322584821204,3.9193563172286128
2258,1135,7.033577537792548,206.8200452552784,4.08541895605478
2259,1136,6.7564502867146485,205.9614163502653,4.160923265128698
2260,1137,6.759295713674352,205.3484090762973,4.113526262129311
2261,1138,6.662386668224172,204.96380882440047,4.022904304903473
2262,1139,6.507378934019201,204.61796574511771,3.930738113253739
2263,1140,6.599842641071581,204.27188962032034,3.823650495890444
2264,1141,6.8308168545758035,203.99301338903823,3.718653342571298
2265,1142,6.943902391472052,203.74622720879947,3.5901767231699946
2266,1143,6.884892717225791,203.45714243556768,3.4647783422424663
2267,1144,6.7674199772225965,203.14446290222597,3.3912051357097055
2268,1145,6.86981191728706,202.76178942592497,3.3369366342029037
2269,1146,7.350045438656314,202.2838709862704,3.3178036617023356
2270,1147,8.0645073058551,201.77010145791985,3.3415348052433655
2271,1148,8.705722013680877,201.15419651517968,3.459324464328898
2272,1149,9.221911557129332,200.42300900793822,3.6128532685825636
2273,1150,9.554881873851409,199.85404902991337,3.677208654526374
2274,1151,9.554206376572589,199.5587317191126,3.664134200651432
2275,1152,9.319988301884049,199.49092027791642,3.5881641087423732
2276,1153,9.070000316267443,199.56591706203412,3.500887294950083
2277,1154,8.752567355038538,199.6194592471197,3.433733955042548
2278,1155,8.248152726330838,199.59294927436247,3.391875619404628
2279,1156,7.701294746716712,199.54080830531413,3.3474448116944147
2280,1157,7.39645309611418,199.44656585537786,3.2871918536040687
2281,1158,7.559723153028504,199.28016627716173,3.274542592300628
2282,1159,8.1738143611495,199.09548382273385,3.3113010340333373
2283,1160,8.91152182800064,198.83628191748528,3.376752811795209
2284,1161,9.21313058261057,198.53986117579404,3.454951873786594
2285,1162,9.143746178151495,198.254948540962,3.5516134564628126
2286,1163,9.180226202458941,198.0225695649656,3.6378533203722125
2287,1164,9.27556245375613,197.90998067247529,3.708529215323398
2288,1165,9.262579866744415,197.93501814959015,3.8241049175438553
2289,1166,8.96287512778115,198.0805264915103,4.001232715585077
2290,1167,8.151605218280928,198.44559839402152,4.236807991374546
2291,1168,7.133776745557,199.22790881171116,4.525784827192163
2292,1169,6.487892824756148,200.52566863379832,4.711354689822456
2293,1170,6.580812605427148,201.98444539054776,4.494030939358673
2294,1171,7.193735451355564,203.02091503293937,4.072037646713621
2295,1172,7.995141610961753,203.61667110367628,3.756107665605543
2296,1173,8.401084048054758,203.93430314597455,3.6265501108568627
2297,1174,8.394291500292017,204.05281438229528,3.6130797546319813
2298,1175,8.414148036492128,204.0159771178738,3.6466247135737437
2299,1176,8.511294487282228,203.85058484008056,3.685269794408992
2300,1177,8.761658009752999,203.60325244473563,3.6784525585079417
2301,1178,9.16831774292328,203.496636925723,3.572409600704137
2302,1179,9.3521138943769,203.5851384642482,3.421883907624895
2303,1180,8.991167548782357,203.74226151237124,3.349184022689755
2304,1181,8.070681447138876,203.82861858419804,3.389399131556198
2305,1182,7.179845623129527,203.79981933636006,3.4869719093430014
2306,1183,6.791110254850107,203.83847085145683,3.5659791970804853
2307,1184,6.836180494478816,204.06670424552863,3.6112146467220607
2308,1185,7.331669179454757,204.37285318075163,3.6630076177034216
2309,1186,7.802233001337394,204.4397787540504,3.761443525658888
2310,1187,7.869435701521476,204.10462831204,3.8917126319423225
2311,1188,7.891552976054416,203.51071287931376,4.0121690093700675
2312,1189,7.695455903174691,202.82270324223512,4.132716026157692
2313,1190,7.226301947159769,201.9838072855269,4.210104613762032
2314,1191,7.074957543630976,201.27612001744978,4.13448164047804
2315,1192,6.9161405320054765,200.96791091471192,4.053792964720791
2316,1193,6.592176642428216,201.02962456941245,4.021310929784667
2317,1194,6.402212751021331,201.52788249999602,4.016447023772153
2318,1195,6.2604548598781395,202.3759789291444,4.064659881152453
2319,1196,6.272974331244538,203.47577619792023,4.173903914616977
2320,1197,6.756870021975094,204.44938025510686,4.143765470948285
2321,1198,7.111717655933805,205.13853347361743,4.077353734609756
2322,1199,7.244219074275395,205.76809503952862,4.044660139212437
2323,1200,7.2191936375096555,206.21155876340507,4.006395542232694
2324,1201,7.010153273355549,206.56118714076058,3.9721045289011183
2325,1202,7.129540744942678,207.1244095541415,3.9047451820672143
2326,1203,7.484641853408618,207.7979840444897,3.79754978767853
2327,1204,7.585033629390987,208.34441572341794,3.7047355020894472
2328,1205,7.524787251749968,208.75514050515088,3.6729688589888037
2329,1206,7.2665821020689565,209.13433941372307,3.6328775933994617
2330,1207,6.844414757915148,209.53956169578242,3.534874440674369
2331,1208,6.755114365388977,209.81412937593552,3.468749655340008
2332,1209,6.89488488388418,209.74118239960373,3.413302859492083
2333,1210,7.188934615078547,209.37950025115393,3.410563461191925
2334,1211,7.479314511923164,208.89293306777066,3.503074228511096
2335,1212,7.736214223013757,208.3166636096736,3.5917212076831926
2336,1213,8.242490021437957,207.7489733372853,3.641816888644481
2337,1214,8.839900885987202,207.31660822650684,3.669953227536028
2338,1215,9.278501420810716,207.00646641382932,3.691618762859179
2339,1216,9.461607311314404,206.66589705801658,3.7044143630649344
2340,1217,9.381630982177581,206.32480580360433,3.7182631622665068
2341,1218,9.00055209800877,206.11689125590232,3.7466884560291263
2342,1219,8.513816258960512,206.05572705389662,3.748365392577291
2343,1220,8.361513201027629,206.13463177702602,3.67296212029713
2344,1221,8.552298025782195,206.29987402273355,3.5921337254470176
2345,1222,8.602838215758494,206.4571832082671,3.6077031339315693
2346,1223,8.556242556007701,206.50589153887896,3.6703415033493725
2347,1224,8.683966838723439,206.51904762352137,3.7052509002528335
2348,1225,8.885464048577441,206.72047746683074,3.751798763628063
2349,1226,8.847664398960418,207.18495988378643,3.79380077774209
2350,1227,8.531795292658755,207.72493526039355,3.7976686446589394
2351,1228,8.211700993206767,208.0929794749647,3.84691211070876
2352,1229,7.934088055186354,208.1408093403438,3.93412449978059
2353,1230,7.5744218557194465,207.75893412712756,3.921367516738266
2354,1231,7.510148910665986,207.2111077825679,3.786290306266214
2355,1232,7.54211844525892,206.99930909555195,3.7042076039332223
2356,1233,7.205777831735118,207.17577672619456,3.7169877419444197
2357,1234,6.852695306641986,207.62664022114643,3.7626354271102027
2358,1235,6.828708080435005,208.32850054708743,3.8499967173352045
2359,1236,7.127963010542662,209.0139588840984,3.8648484213927428
2360,1237,7.25385223996766,209.59911453204703,3.7848632098003376
2361,1238,7.295103090804613,210.22664526997576,3.654218023907672
2362,1239,7.430721354345105,210.6813550996239,3.534720998136457
2363,1240,7.538405999613681,210.88493612467335,3.489434550888967
2364,1241,7.689631254290946,210.9137856742126,3.5277952451206254
2365,1242,7.871972581484602,210.85100120954203,3.5319727901998226
2366,1243,8.160176671082368,210.7738090666971,3.476306252297567
2367,1244,8.587410447435689,210.7126549731292,3.4544947475867573
2368,1245,8.943625233996576,210.68356392357543,3.4751279719019146
2369,1246,9.184198387605102,210.6790798829183,3.526014205775486
2370,1247,9.354751326052499,210.70685211171016,3.572575342487364
2371,1248,9.311250223002224,210.82085876481514,3.5500513297725047
2372,1249,9.10391923626313,211.05189556453814,3.46547485343442
2373,1250,8.860339199962624,211.3150322803788,3.363580342675662
2374,1251,8.533081249073513,211.57408328872,3.283974356365819
2375,1252,8.44649176941585,211.83258784901648,3.294757531805961
2376,1253,8.59803797567225,211.92753149109367,3.3316327285725515
2377,1254,8.78773157557394,211.8805109168515,3.390292092295847
2378,1255,9.097761889666824,211.8291691842998,3.4862039828314875
2379,1256,9.065454503035959,211.66139777372743,3.602445041662445
2380,1257,8.714509480701585,211.28065253720828,3.729129071968968
2381,1258,8.499051416990207,210.75020584942254,3.8006049755680507
2382,1259,8.220483921277383,210.07961581572712,3.8959316673760624
2383,1260,7.886211179197822,209.2459159773552,3.97926991470315
2384,1261,7.923419795644388,208.35911966816968,3.945673324631545
2385,1262,8.145288967980012,207.58802876263476,3.9064535100493503
2386,1263,8.141245039941085,206.94133970870897,3.8957894676508134
2387,1264,8.018151321575871,206.48025155833315,3.8548131931891363
2388,1265,7.99583763300151,206.2438876983415,3.7718664234604957
2389,1266,8.016348048436656,206.14548644824598,3.697562353441762
2390,1267,8.044354060413756,206.0853870987544,3.6448728481358565
2391,1268,8.128789763578844,206.1682743220132,3.578732619331478
2392,1269,8.32924387227094,206.42762665983767,3.496363017797824
2393,1270,8.49738249740419,206.64745789785235,3.421804784972598
2394,1271,8.549420966491654,206.77618634030577,3.384783190556276
2395,1272,8.855310796237296,206.87182716639572,3.4149103590671266
2396,1273,9.083233960732741,206.86720583970194,3.4617010080017665
2397,1274,8.701424363641836,206.7043843127071,3.4794899593882387
2398,1275,8.236848350436134,206.55981210562928,3.490062184869323
2399,1276,8.234728919037057,206.52435216063253,3.5187486939600428
2400,1277,8.29576627729229,206.5695677919227,3.5437045858787335
2401,1278,8.04053536271953,206.6629625001262,3.5627300145300387
2402,1279,7.704801191201844,206.6564617951395,3.590776612847098
2403,1280,7.558302190802379,206.44651173192563,3.649022266881513
2404,1281,7.647586208355348,206.05883115606474,3.7144616807677897
2405,1282,7.81894374729457,205.5128758023503,3.7740440831272526
2406,1283,7.885118145725003,204.83331976667694,3.768263449327951
2407,1284,7.893878137105859,204.2262986999762,3.7021520887942065
2408,1285,7.960705814882612,203.80083754677565,3.673425793073088
2409,1286,7.719680018495739,203.56769265120795,3.6865749713581524
2410,1287,7.396298854697087,203.5531806213107,3.6838335063961063
2411,1288,7.724159555045984,203.62730872422233,3.6740508098034788
2412,1289,8.57106099236211,203.73266620238005,3.640307330051636
2413,1290,9.404745047949866,203.88435324176208,3.579300562954174
2414,1291,9.640161971315973,204.14439170475094,3.5751001996218266
2415,1292,9.315155782160137,204.448785780652,3.573616731227097
2416,1293,8.89410991434852,204.60070552143023,3.574801339598067
2417,1294,8.691064194555723,204.7156723360054,3.6154112003442074
2418,1295,8.752322641658793,204.942804459736,3.659598699627344
2419,1296,8.569729897887896,205.3975254788454,3.742718871685792
2420,1297,8.269654171921358,206.17536377447612,3.8318224628826054
2421,1298,8.146492012573159,206.9555898262143,3.8175324474663554
2422,1299,7.985770305684622,207.47814179457706,3.781932408452142
2423,1300,7.868437767366293,207.64831323715953,3.745546345487893
2424,1301,7.678736631165119,207.4928968283232,3.660257538230655
2425,1302,7.393885825419423,207.1808949256061,3.5899164325534776
2426,1303,7.3846451602026,206.83657528708153,3.5948609217951213
2427,1304,7.73862816238239,206.54374871482386,3.6499895536315363
2428,1305,8.143947601211119,206.3086749710047,3.7079738412753778
2429,1306,8.426690312138195,206.13309387271926,3.7963067112726616
2430,1307,8.412126019890179,206.12425961079725,3.890353636116559
2431,1308,7.943181306352477,206.40892710146983,3.933771354500523
2432,1309,7.196534917844301,206.96426493348753,3.910641699490484
2433,1310,6.662376603196874,207.59564864129376,3.8055972789925794
2434,1311,6.666018950041323,208.05730267797577,3.674758494879647
2435,1312,7.107119370269939,208.30100265471054,3.6133689878514383
2436,1313,7.517968166075915,208.32535461152375,3.6750808303207547
2437,1314,7.465368440669741,207.9318654338776,3.8687500986889387
2438,1315,7.099809109086969,206.94058882682614,4.125739792200569
2439,1316,7.077655569437852,205.62640872981407,4.218550064549398
2440,1317,7.576294992258192,204.45097566278912,4.117903440874718
2441,1318,8.184648675106597,203.57857368728108,3.990907200497488
2442,1319,8.729318132229636,203.03335906026848,3.871768921094645
2443,1320,9.08813645453313,202.6839574795166,3.8187819507373653
2444,1321,9.10915200779113,202.4701048530859,3.804812950183316
2445,1322,8.988335386538772,202.45390317759535,3.796315802519762
2446,1323,8.730488419051202,202.53769563603888,3.80521773417612
2447,1324,8.240525316396175,202.701051581497,3.821206199222596
2448,1325,7.7107046257056915,203.01756732415242,3.8346948178033586
2449,1326,7.318624665164914,203.46213461397713,3.8170983533201452
2450,1327,7.050829657646408,203.90821189280905,3.806881251763305
2451,1328,6.9938161356267985,204.24942517373492,3.800416529876796
2452,1329,7.142539788292879,204.4201142471098,3.7558613982867985
2453,1330,7.214507035394283,204.50645773570758,3.733678584795092
2454,1331,7.2005126954882765,204.56567920821593,3.7572128961858473
2455,1332,7.137637930903888,204.45761725121568,3.8194931527355593
2456,1333,6.782908126792587,204.14928093120284,3.911007283171972
2457,1334,6.353833668766383,203.94127528626132,3.9071225760803245
2458,1335,6.2335434080461125,204.04396735187782,3.779313019342719
2459,1336,6.440402854131542,204.27781012288185,3.6583342784139474
2460,1337,7.008792885432862,204.47671348540948,3.5768634996002913
2461,1338,7.6689056749852496,204.5254028166144,3.5302480395649356
2462,1339,8.064377125858222,204.42451784568263,3.573682591870825
2463,1340,8.06733187712962,204.1977876937091,3.69790147932167
2464,1341,7.553350385688763,203.9405252803997,3.809553911530704
2465,1342,6.867386611782888,203.83044218801027,3.8938819469802133
2466,1343,6.320699493636542,203.87915940911807,4.046598102309264
2467,1344,6.029222380951066,204.10677256788463,4.214261932213701
2468,1345,6.137016973249422,204.68869373899963,4.20578909782515
2469,1346,6.721401860331834,205.44973684776883,3.9838486130188633
2470,1347,7.541870227285741,206.02440579636308,3.7559644982578297
2471,1348,8.116788413550282,206.28938489647723,3.618128689449232
2472,1349,8.283645598213608,206.3096427905405,3.53227360429435
2473,1350,8.312649429588728,206.28588935576843,3.4414709177107508
2474,1351,8.296854093414376,206.29493179313414,3.3679904841190154
2475,1352,8.348535843947545,206.2870363188365,3.3350781278540462
2476,1353,8.593089606842732,206.3325631083029,3.3462980913076534
2477,1354,8.780680411169772,206.4467232438176,3.4175966795996335
2478,1355,8.671135669990864,206.58647740663642,3.496516172758455
2479,1356,8.416178222928629,206.76738946385387,3.624058944714732
2480,1357,8.262916507716533,206.71452135572878,3.7599887848422693
2481,1358,8.369997363434791,206.31679767713095,3.802471667255827
2482,1359,8.703741184940581,205.90375204708036,3.7936935225079815
2483,1360,8.591207824804675,205.68326204590952,3.812667899575435
2484,1361,7.854586748193199,205.71066421391868,3.9395830800691902
2485,1362,6.989700682499272,206.0647700874703,4.180006652315785
2486,1363,6.412491590645299,206.812632534761,4.393651813523033
2487,1364,6.316071235242767,207.84947045625077,4.4720879462238985
2488,1365,6.50746994800572,208.92743481439456,4.40398083917586
2489,1366,6.60510198421422,209.8013006062346,4.226023353638455
2490,1367,6.535265865633667,210.39578395410513,4.024769039514838
2491,1368,6.523015673381851,210.81330724375073,3.8942744791166324
2492,1369,6.665525382874764,211.08468959650907,3.820202373566104
2493,1370,6.799323495454008,211.25750188586056,3.7489466306603294
2494,1371,6.919306893814868,211.55153228700442,3.669884437274985
2495,1372,7.075012258060238,211.9228382396913,3.5742392342759537
2496,1373,7.099977219974825,212.15653389708692,3.520546681268731
2497,1374,7.001684577170477,212.12988948750294,3.5650238690574096
2498,1375,7.177654228898156,211.91655163306874,3.6078442575260516
2499,1376,7.730004877380723,211.76209780445595,3.5612135026888407
2500,1377,8.206853377600337,211.7449038660927,3.4926521725575315
2501,1378,8.199001870282428,211.812183635804,3.44116484719101
2502,1379,7.9386377468106435,211.9008403350652,3.4054474975576197
2503,1380,7.680447164693988,211.94322493969327,3.429949692003747
2504,1381,7.454491076256884,211.91800383162922,3.5004293406033815
2505,1382,7.312401327434531,211.78552849042566,3.5773398216936103
2506,1383,7.181212577883901,211.4260932642831,3.671737822049003
2507,1384,7.2604281546797536,210.88370366986544,3.7671899846603254
2508,1385,7.377060458043175,210.2271962553884,3.8223504683796583
2509,1386,7.418548649997083,209.5471529723729,3.76161557950351
2510,1387,7.548953712784769,209.0330854122592,3.7107840774415055
2511,1388,7.553931242259205,208.6096393043691,3.7701217712256154
2512,1389,7.446011739470409,208.16443110499074,3.814372280091562
2513,1390,7.53461068692595,207.68539093224263,3.7580937333227897
2514,1391,7.778069525225793,207.2339049622306,3.7038718873216725
2515,1392,7.922171342945085,206.93472436760027,3.708841157213444
2516,1393,8.047489427096261,206.69570430143665,3.753237145385626
2517,1394,8.040398829020937,206.28324482644695,3.839531101011194
2518,1395,7.858760051803577,205.80498849248664,3.905052230331037
2519,1396,7.636762779114284,205.49965427642513,3.9001540185528603
2520,1397,7.5487612149569285,205.37716342425003,3.8371101637059986
2521,1398,7.76593272828987,205.34973118855098,3.7730730143889835
2522,1399,8.368571974456486,205.3378173547523,3.706306718265951
2523,1400,9.184952708587254,205.33774520101164,3.6531748237378716
2524,1401,9.81913449047427,205.3549434810542,3.6243473602801877
2525,1402,10.014869604214741,205.29725416788213,3.62219446794198
2526,1403,9.70279757180132,205.1353287433713,3.6668086061244423
2527,1404,9.014510030228166,205.13335003093945,3.6901827391691135
2528,1405,8.361289594224102,205.4737324635824,3.696708412895106
2529,1406,8.294861264171292,206.05656363217702,3.7444289995258364
2530,1407,8.576219445838692,206.69884118518885,3.8132381744570885
2531,1408,8.541554998189218,207.26640724527476,3.832179364642048
2532,1409,7.955156029946525,207.64073508112116,3.7873506764230025
2533,1410,7.313352052185248,207.7883882528159,3.7611825999367277
2534,1411,6.998932894270175,207.732911952534,3.780074947440367
2535,1412,7.046709945073836,207.5613436982633,3.7948562062538858
2536,1413,7.564349385730318,207.43143564239068,3.802191527022538
2537,1414,8.382818129930616,207.37343383398695,3.8151214946073044
2538,1415,9.178328619475026,207.41574845841868,3.776163274776508
2539,1416,9.790869290715124,207.48397345654794,3.696352602480804
2540,1417,10.138693540307449,207.50385821344312,3.621580115583024
2541,1418,10.291896544123839,207.52614824844954,3.540851006432184
2542,1419,10.223597446035177,207.5450043460269,3.4801362060169465
2543,1420,10.082691206821615,207.58131636078747,3.486536903452146
2544,1421,10.164225312530046,207.58287873801606,3.4948280498072357
2545,1422,10.202945299384131,207.5768861485152,3.453443040227933
2546,1423,9.979003010830118,207.63748937820714,3.4331893751597975
2547,1424,9.769485388888095,207.65581669210835,3.4736223578199015
2548,1425,9.76987317784512,207.62041574840984,3.5348663340393407
2549,1426,9.780401567877734,207.58063331365648,3.560289643901222
2550,1427,9.518350918705845,207.61870684069697,3.5818488276659615
2551,1428,9.07164577951575,207.67085521706034,3.6085671489940414
2552,1429,8.74211442591664,207.6030982346458,3.6272316815230163
2553,1430,8.4507933779899,207.5303458100896,3.6752069537898984
2554,1431,8.191123646459268,207.5943278893808,3.7219927428558153
2555,1432,8.070288305639728,207.76113079430783,3.7251441089193986
2556,1433,7.866699629604491,207.87478561120034,3.724137637304018
2557,1434,7.496103446686735,207.77327328603673,3.7857921432346457
2558,1435,7.0045071357592725,207.2580989398798,3.9446703631605917
2559,1436,6.588138848111517,206.53985259415026,4.065397359244448
2560,1437,6.465688142864511,205.87773020400658,4.164380008887599
2561,1438,6.6848847568517,205.12462149708557,4.218218743180904
2562,1439,7.127914309004512,204.47533360225341,4.064497085768827
2563,1440,7.538905160887006,204.10971388941346,3.8877829436912945
2564,1441,7.828598293918856,203.81670102601356,3.786197914027082
2565,1442,8.058165299931888,203.55559213794373,3.697003049630712
2566,1443,8.171648719952547,203.44291729167279,3.63184952195822
2567,1444,8.22125181145468,203.46242782919185,3.5405584566797352
2568,1445,8.469928851260958,203.54436708665966,3.4349619293401883
2569,1446,8.8375044673865,203.66256001467897,3.384244402014524
2570,1447,8.954444338950985,203.8350052346208,3.3386401761742497
2571,1448,8.736982275146193,203.9609445893482,3.3231671402897414
2572,1449,8.39559344038813,203.88413089014662,3.435831431907659
2573,1450,8.017262229898241,203.48982079457355,3.608689690524858
2574,1451,7.651849515339222,202.7458027090177,3.7324299040193734
2575,1452,7.764131527872719,201.85204573765043,3.8185829240093088
2576,1453,7.978636095988805,201.1402133927541,3.8783165267498
2577,1454,7.913074857770986,200.75037797146183,3.844682855154613
2578,1455,7.8447743455917545,200.6179493445764,3.7740661461813114
2579,1456,7.567361820458662,200.58639632869665,3.8001853065209414
2580,1457,7.055155727314732,200.64520018412617,3.9004050949298623
2581,1458,6.611247596649783,200.70235592502007,4.018841597802087
2582,1459,6.361000866815661,200.71130278920043,4.112129874746531
2583,1460,6.209073817399841,200.65377454612468,4.180062306370409
2584,1461,6.087016033696214,200.50826583514427,4.2410520552088515
2585,1462,5.843405639302268,200.44039513576908,4.2815804506431006
2586,1463,5.499868559152558,200.68542152271255,4.218277783459562
2587,1464,5.470582862738212,201.12275090534686,4.025489415943557
2588,1465,5.669773512761429,201.37048298179437,3.909787148246729
2589,1466,5.9347616017233955,201.4795779005595,3.894345287862476
2590,1467,6.168379075002122,201.71398977883462,3.911215580245124
2591,1468,6.266104055826042,202.1129840123598,3.9214972343502184
2592,1469,6.110017821481566,202.45977207741123,3.90789559797208
2593,1470,5.7456549704892215,202.76011913801997,3.817308738577693
2594,1471,5.653700120268659,203.01944791503453,3.625551048441738
2595,1472,5.909620234102572,203.07017902322264,3.4554545825738425
2596,1473,6.429391774827852,202.9159593712078,3.367718552913751
2597,1474,6.979031406602678,202.6674553742145,3.369978554840657
2598,1475,7.422091815596752,202.37645790274414,3.384751029145092
2599,1476,7.840004365345475,202.09848826939793,3.391669004500195
2600,1477,7.792211491082288,202.00379742744414,3.424998511391008
2601,1478,7.294908408945378,202.23155232976677,3.5283188029179184
2602,1479,7.127965896285275,202.74988364786887,3.6801320979434844
2603,1480,7.409819481000255,203.38521682498683,3.7879854690851458
2604,1481,7.714371511468121,203.96923341049617,3.8567329118754032
2605,1482,7.841786053968297,204.43593678158948,3.8867162216567746
2606,1483,7.702115030749065,204.84636262609152,3.851388775675802
2607,1484,7.225757386538989,205.1578199167202,3.755762072840259
2608,1485,6.78849669195947,205.34898724667107,3.674806677715546
2609,1486,6.666236754902226,205.55817865382434,3.6830448865562078
2610,1487,6.59468527098321,205.81969882720026,3.7070567949986786
2611,1488,6.29530038345813,206.0710120403949,3.7079448686649883
2612,1489,6.040606400840103,206.2442822338976,3.772331547771334
2613,1490,6.033179666469427,206.27153264432573,3.8495774407852226
2614,1491,6.146134279436102,206.1563987084188,3.867306574963774
2615,1492,6.287482523841971,206.02622488446983,3.862202054845409
2616,1493,6.260178273735971,206.12111144852915,3.8126538411733666
2617,1494,6.14623976091941,206.41764264066205,3.6672340755996657
2618,1495,6.280273402168379,206.711924104385,3.4945177182564655
2619,1496,6.657435186274791,206.86835748482744,3.394550895770895
2620,1497,7.107386062599504,206.93129899026258,3.3607325568253485
2621,1498,7.478794174009004,206.93513173601914,3.3981227568279033
2622,1499,7.808565323402379,206.89063893816757,3.4880445258723842
2623,1500,8.095351063477993,206.8434152542037,3.561075129383571
2624,1501,8.1507406214868,206.83652544178727,3.62015180967285
2625,1502,7.734531033373854,206.95873399244758,3.7121951773084616
2626,1503,7.192106481935058,207.23978260613453,3.8437500665462356
2627,1504,7.185940056803323,207.59828557082494,3.9130103160986347
2628,1505,7.518847384302915,208.00532987465456,3.843827650432273
2629,1506,7.995614916945056,208.44889755519102,3.6472325502605303
2630,1507,8.625844854353339,208.81124041714395,3.427396834552908
2631,1508,9.06617947910581,208.98187332747446,3.2976296491662485
2632,1509,9.01492582083538,208.9615982026862,3.2655919164573537
2633,1510,8.821243644092286,208.87466563496534,3.287064188467647
2634,1511,8.624034704211674,208.83717578306727,3.3473611462941943
2635,1512,8.275011352789312,208.89072229873577,3.4554573549779266
2636,1513,7.706947051038109,209.05447441893205,3.5863714416109844
2637,1514,7.12696388640487,209.37822550007962,3.727293831776227
2638,1515,6.792564556792017,209.68289216036368,3.7883075820186156
2639,1516,6.815442405482086,209.74341132887182,3.809599149307053
2640,1517,7.133838909171213,209.58416783164986,3.84860034578618
2641,1518,7.187335609674954,209.37104655745156,3.897562103284804
2642,1519,6.606969188143409,209.2435235714348,3.9704939163540214
2643,1520,5.702936413345062,209.1636142220712,4.085229940075173
2644,1521,5.061319898014273,209.1644676411923,4.169882319732119
2645,1522,4.821518396202335,209.28718289297944,4.150830856599252
2646,1523,4.704508965071859,209.33536226175494,4.12846707332972
2647,1524,4.46054705507347,209.25189654140573,4.117963935789475
2648,1525,4.253711772393965,209.11603186151953,4.1036878553813745
2649,1526,4.236723212138041,208.92031042875098,4.114073149235366
2650,1527,4.287994546086876,208.7497313489584,4.062339230606616
2651,1528,4.1618039474771535,208.7153561658085,3.9494533226386834
2652,1529,3.8423441654412467,208.83527974357196,3.837493038067038
2653,1530,3.671220682427451,208.95420537113114,3.701782212240607
2654,1531,3.7994611025810303,208.9812382508706,3.597052807180534
2655,1532,4.166335530538065,209.01990634654416,3.5464712285089908
2656,1533,4.578744066128557,209.15716060508674,3.510072677080099
2657,1534,4.672276904112754,209.43402821927026,3.5123111170232955
2658,1535,4.414105307485014,209.92607103129734,3.624399422835593
2659,1536,4.002807922210181,210.69940202080892,3.8739285463277593
2660,1537,3.756693160643129,211.70008363155821,4.160827957232167
2661,1538,3.9086871690101197,212.63428384036413,4.300468892023583
2662,1539,4.288081716497977,213.27082677258534,4.315058370039501
2663,1540,4.540784672304615,213.55860625008478,4.305048924605453
2664,1541,4.47955731060393,213.68707758344533,4.292020084453299
2665,1542,4.219317223293305,213.75297147141455,4.256568002562641
2666,1543,3.6450377429064758,213.58128375136317,4.263704571355707
2667,1544,2.8267714055816886,213.20859405408416,4.326495605913244
2668,1545,2.057732731535498,212.98494310064015,4.555062108158145
2669,1546,1.2875013777175746,213.08822409147714,5.976449129811424

